Time,OH_ppm,Relative_Uncertainty,W
1.10E-05,62.983,0.05,0.007945522
1.20E-05,62.947,0.05,0.007945522
1.30E-05,62.825,0.05,0.007945522
1.40E-05,62.877,0.05,0.007945522
1.50E-05,63.118,0.05,0.007945522
1.60E-05,62.783,0.05,0.007945522
1.70E-05,62.286,0.05,0.007945522
1.80E-05,62.213,0.05,0.007945522
1.90E-05,62.307,0.05,0.007945522
2.00E-05,61.952,0.05,0.007945522
2.10E-05,61.417,0.05,0.007945522
2.20E-05,61.295,0.05,0.007945522
2.30E-05,60.736,0.05,0.007945522
2.40E-05,60.356,0.05,0.007945522
2.50E-05,60.047,0.05,0.007945522
2.60E-05,59.668,0.05,0.007945522
2.70E-05,59.356,0.05,0.007945522
2.80E-05,58.899,0.05,0.007945522
2.90E-05,58.579,0.05,0.007945522
3.00E-05,58.652,0.05,0.007945522
3.10E-05,57.938,0.05,0.007945522
3.20E-05,57.641,0.05,0.007945522
3.30E-05,57.126,0.05,0.007945522
3.40E-05,56.902,0.05,0.007945522
3.50E-05,56.861,0.05,0.007945522
3.60E-05,56.347,0.05,0.007945522
3.70E-05,55.993,0.05,0.007945522
3.80E-05,56,0.05,0.007945522
3.90E-05,55.776,0.05,0.007945522
4.00E-05,55.384,0.05,0.007945522
4.10E-05,55.367,0.05,0.007945522
4.20E-05,55.276,0.05,0.007945522
4.30E-05,54.86,0.05,0.007945522
4.40E-05,54.615,0.05,0.007945522
4.50E-05,54.425,0.05,0.007945522
4.60E-05,54.409,0.05,0.007945522
4.70E-05,54.169,0.05,0.007945522
4.80E-05,53.961,0.05,0.007945522
4.90E-05,54.083,0.05,0.007945522
5.00E-05,53.78,0.05,0.007945522
5.10E-05,54.075,0.05,0.007945522
5.20E-05,53.583,0.05,0.007945522
5.30E-05,53.528,0.05,0.007945522
5.40E-05,53.785,0.05,0.007945522
5.50E-05,53.757,0.05,0.007945522
5.60E-05,53.137,0.05,0.007945522
5.70E-05,52.897,0.05,0.007945522
5.80E-05,52.828,0.05,0.007945522
5.90E-05,52.824,0.05,0.007945522
6.00E-05,52.833,0.05,0.007945522
6.10E-05,52.797,0.05,0.007945522
6.20E-05,52.576,0.05,0.007945522
6.30E-05,52.48,0.05,0.007945522
6.40E-05,52.713,0.05,0.007945522
6.50E-05,53.02,0.05,0.007945522
6.60E-05,52.724,0.05,0.007945522
6.70E-05,52.277,0.05,0.007945522
6.80E-05,52.086,0.05,0.007945522
6.90E-05,52.447,0.05,0.007945522
7.00E-05,52.468,0.05,0.007945522
7.10E-05,52.135,0.05,0.007945522
7.20E-05,52.126,0.05,0.007945522
7.30E-05,52.126,0.05,0.007945522
7.40E-05,51.993,0.05,0.007945522
7.50E-05,51.932,0.05,0.007945522
7.60E-05,51.741,0.05,0.007945522
7.70E-05,51.794,0.05,0.007945522
7.80E-05,51.645,0.05,0.007945522
7.90E-05,51.604,0.05,0.007945522
8.00E-05,51.63,0.05,0.007945522
8.10E-05,51.175,0.05,0.007945522
8.20E-05,51.577,0.05,0.007945522
8.30E-05,51.494,0.05,0.007945522
8.40E-05,51.036,0.05,0.007945522
8.50E-05,50.982,0.05,0.007945522
8.60E-05,51.195,0.05,0.007945522
8.70E-05,51.051,0.05,0.007945522
8.80E-05,50.843,0.05,0.007945522
8.90E-05,50.888,0.05,0.007945522
9.00E-05,51.011,0.05,0.007945522
9.10E-05,51.023,0.05,0.007945522
9.20E-05,51.121,0.05,0.007945522
9.30E-05,50.982,0.05,0.007945522
9.40E-05,50.962,0.05,0.007945522
9.50E-05,50.676,0.05,0.007945522
9.60E-05,50.815,0.05,0.007945522
9.70E-05,50.713,0.05,0.007945522
9.80E-05,50.595,0.05,0.007945522
9.90E-05,50.452,0.05,0.007945522
1.00E-04,50.346,0.05,0.007945522
1.01E-04,50.346,0.05,0.007945522
1.02E-04,50.794,0.05,0.007945522
1.03E-04,50.24,0.05,0.007945522
1.04E-04,50.376,0.05,0.007945522
1.05E-04,50.015,0.05,0.007945522
1.06E-04,49.974,0.05,0.007945522
1.07E-04,49.966,0.05,0.007945522
1.08E-04,49.727,0.05,0.007945522
1.09E-04,49.559,0.05,0.007945522
1.10E-04,49.72,0.05,0.007945522
1.11E-04,49.177,0.05,0.007945522
1.12E-04,49.407,0.05,0.007945522
1.13E-04,49.287,0.05,0.007945522
1.14E-04,49.114,0.05,0.007945522
1.15E-04,48.926,0.05,0.007945522
1.16E-04,48.554,0.05,0.007945522
1.17E-04,48.926,0.05,0.007945522
1.18E-04,48.465,0.05,0.007945522
1.19E-04,48.498,0.05,0.007945522
1.20E-04,48.391,0.05,0.007945522
1.21E-04,48.439,0.05,0.007945522
1.22E-04,48.458,0.05,0.007945522
1.23E-04,48.313,0.05,0.007945522
1.24E-04,48.302,0.05,0.007945522
1.25E-04,48.365,0.05,0.007945522
1.26E-04,48.083,0.05,0.007945522
1.27E-04,47.756,0.05,0.007945522
1.28E-04,47.996,0.05,0.007945522
1.29E-04,48.127,0.05,0.007945522
1.30E-04,47.731,0.05,0.007945522
1.31E-04,47.602,0.05,0.007945522
1.32E-04,47.855,0.05,0.007945522
1.33E-04,47.824,0.05,0.007945522
1.34E-04,47.647,0.05,0.007945522
1.35E-04,47.353,0.05,0.007945522
1.36E-04,47.082,0.05,0.007945522
1.37E-04,47.447,0.05,0.007945522
1.38E-04,47.106,0.05,0.007945522
1.39E-04,46.955,0.05,0.007945522
1.40E-04,47.271,0.05,0.007945522
1.41E-04,47.129,0.05,0.007945522
1.42E-04,47.238,0.05,0.007945522
1.43E-04,47.298,0.05,0.007945522
0.000144,46.919,0.05,0.007945522
0.000145,47.106,0.05,0.007945522
0.000146,47,0.05,0.007945522
0.000147,46.807,0.05,0.007945522
0.000148,47.011,0.05,0.007945522
0.000149,46.936,0.05,0.007945522
0.00015,46.763,0.05,0.007945522
0.000151,46.48,0.05,0.007945522
0.000152,46.703,0.05,0.007945522
0.000153,46.387,0.05,0.007945522
0.000154,46.533,0.05,0.007945522
0.000155,46.437,0.05,0.007945522
0.000156,46.096,0.05,0.007945522
0.000157,46.208,0.05,0.007945522
0.000158,46.203,0.05,0.007945522
0.000159,46.264,0.05,0.007945522
0.00016,46.058,0.05,0.007945522
0.000161,45.795,0.05,0.007945522
0.000162,46.237,0.05,0.007945522
0.000163,45.805,0.05,0.007945522
0.000164,46.27,0.05,0.007945522
0.000165,46.013,0.05,0.007945522
0.000166,45.798,0.05,0.007945522
0.000167,45.694,0.05,0.007945522
0.000168,45.839,0.05,0.007945522
0.000169,45.545,0.05,0.007945522
0.00017,45.506,0.05,0.007945522
0.000171,45.732,0.05,0.007945522
0.000172,45.636,0.05,0.007945522
0.000173,45.3,0.05,0.007945522
0.000174,45.381,0.05,0.007945522
0.000175,45.448,0.05,0.007945522
0.000176,45.455,0.05,0.007945522
0.000177,45.16,0.05,0.007945522
0.000178,44.819,0.05,0.007945522
0.000179,45.034,0.05,0.007945522
0.00018,44.874,0.05,0.007945522
0.000181,44.816,0.05,0.007945522
0.000182,44.763,0.05,0.007945522
0.000183,44.638,0.05,0.007945522
0.000184,44.101,0.05,0.007945522
0.000185,44.29,0.05,0.007945522
0.000186,44.346,0.05,0.007945522
0.000187,44.188,0.05,0.007945522
0.000188,44.23,0.05,0.007945522
0.000189,44.078,0.05,0.007945522
0.00019,43.81,0.05,0.007945522
0.000191,44.127,0.05,0.007945522
0.000192,44.19,0.05,0.007945522
0.000193,43.869,0.05,0.007945522
0.000194,43.769,0.05,0.007945522
0.000195,43.748,0.05,0.007945522
0.000196,43.834,0.05,0.007945522
0.000197,43.46,0.05,0.007945522
0.000198,43.301,0.05,0.007945522
0.000199,43.434,0.05,0.007945522
0.0002,43.251,0.05,0.007945522
0.000201,43.448,0.05,0.007945522
0.000202,43.199,0.05,0.007945522
0.000203,43.475,0.05,0.007945522
0.000204,43.236,0.05,0.007945522
0.000205,43.429,0.05,0.007945522
0.000206,43.417,0.05,0.007945522
0.000207,43.417,0.05,0.007945522
0.000208,43.475,0.05,0.007945522
0.000209,43.354,0.05,0.007945522
0.00021,43.359,0.05,0.007945522
0.000211,43.096,0.05,0.007945522
0.000212,43.299,0.05,0.007945522
0.000213,42.924,0.05,0.007945522
0.000214,43.153,0.05,0.007945522
0.000215,43.191,0.05,0.007945522
0.000216,43.148,0.05,0.007945522
0.000217,43.029,0.05,0.007945522
0.000218,43.059,0.05,0.007945522
0.000219,42.999,0.05,0.007945522
0.00022,42.87,0.05,0.007945522
0.000221,42.697,0.05,0.007945522
0.000222,42.771,0.05,0.007945522
0.000223,42.822,0.05,0.007945522
0.000224,42.64,0.05,0.007945522
0.000225,42.497,0.05,0.007945522
0.000226,42.658,0.05,0.007945522
0.000227,42.7,0.05,0.007945522
0.000228,42.543,0.05,0.007945522
0.000229,42.9,0.05,0.007945522
0.00023,42.471,0.05,0.007945522
0.000231,42.475,0.05,0.007945522
0.000232,42.411,0.05,0.007945522
0.000233,42.267,0.05,0.007945522
0.000234,42.271,0.05,0.007945522
0.000235,42.355,0.05,0.007945522
0.000236,42.314,0.05,0.007945522
0.000237,42.223,0.05,0.007945522
0.000238,42.367,0.05,0.007945522
0.000239,42.219,0.05,0.007945522
0.00024,42.107,0.05,0.007945522
0.000241,41.95,0.05,0.007945522
0.000242,42.163,0.05,0.007945522
0.000243,41.942,0.05,0.007945522
0.000244,42.097,0.05,0.007945522
0.000245,41.912,0.05,0.007945522
0.000246,41.781,0.05,0.007945522
0.000247,41.675,0.05,0.007945522
0.000248,41.829,0.05,0.007945522
0.000249,41.885,0.05,0.007945522
0.00025,41.822,0.05,0.007945522
0.000251,41.716,0.05,0.007945522
0.000252,41.714,0.05,0.007945522
0.000253,41.821,0.05,0.007945522
0.000254,41.839,0.05,0.007945522
0.000255,41.668,0.05,0.007945522
0.000256,41.658,0.05,0.007945522
0.000257,41.288,0.05,0.007945522
0.000258,41.573,0.05,0.007945522
0.000259,41.344,0.05,0.007945522
0.00026,41.563,0.05,0.007945522
0.000261,41.281,0.05,0.007945522
0.000262,41.173,0.05,0.007945522
0.000263,41.452,0.05,0.007945522
0.000264,41.447,0.05,0.007945522
0.000265,41.336,0.05,0.007945522
0.000266,41.12,0.05,0.007945522
0.000267,41.017,0.05,0.007945522
0.000268,41.502,0.05,0.007945522
0.000269,40.958,0.05,0.007945522
0.00027,41.014,0.05,0.007945522
0.000271,41.01,0.05,0.007945522
0.000272,41.027,0.05,0.007945522
0.000273,40.911,0.05,0.007945522
0.000274,40.905,0.05,0.007945522
0.000275,40.806,0.05,0.007945522
0.000276,41.016,0.05,0.007945522
0.000277,41.077,0.05,0.007945522
0.000278,40.754,0.05,0.007945522
0.000279,40.748,0.05,0.007945522
0.00028,40.746,0.05,0.007945522
0.000281,40.805,0.05,0.007945522
0.000282,40.65,0.05,0.007945522
0.000283,40.432,0.05,0.007945522
0.000284,40.586,0.05,0.007945522
0.000285,40.429,0.05,0.007945522
0.000286,40.848,0.05,0.007945522
0.000287,40.576,0.05,0.007945522
0.000288,40.693,0.05,0.007945522
0.000289,40.482,0.05,0.007945522
0.00029,40.483,0.05,0.007945522
0.000291,40.256,0.05,0.007945522
0.000292,40.695,0.05,0.007945522
0.000293,40.531,0.05,0.007945522
0.000294,40.585,0.05,0.007945522
0.000295,40.271,0.05,0.007945522
0.000296,40.37,0.05,0.007945522
0.000297,40.321,0.05,0.007945522
0.000298,40.252,0.05,0.007945522
0.000299,40.22,0.05,0.007945522
0.0003,40.207,0.05,0.007945522
0.000301,40.096,0.05,0.007945522
0.000302,40.209,0.05,0.007945522
0.000303,40.261,0.05,0.007945522
0.000304,40.143,0.05,0.007945522
0.000305,40.207,0.05,0.007945522
0.000306,40.253,0.05,0.007945522
0.000307,39.946,0.05,0.007945522
0.000308,40.369,0.05,0.007945522
0.000309,39.988,0.05,0.007945522
0.00031,39.887,0.05,0.007945522
0.000311,39.945,0.05,0.007945522
0.000312,39.949,0.05,0.007945522
0.000313,39.782,0.05,0.007945522
0.000314,39.787,0.05,0.007945522
0.000315,39.726,0.05,0.007945522
0.000316,39.835,0.05,0.007945522
0.000317,39.885,0.05,0.007945522
0.000318,39.888,0.05,0.007945522
0.000319,39.618,0.05,0.007945522
0.00032,39.301,0.05,0.007945522
0.000321,39.572,0.05,0.007945522
0.000322,39.461,0.05,0.007945522
0.000323,39.356,0.05,0.007945522
0.000324,39.403,0.05,0.007945522
0.000325,39.247,0.05,0.007945522
0.000326,39.303,0.05,0.007945522
0.000327,39.242,0.05,0.007945522
0.000328,39.14,0.05,0.007945522
0.000329,39.249,0.05,0.007945522
0.00033,39.296,0.05,0.007945522
0.000331,38.821,0.05,0.007945522
0.000332,39.25,0.05,0.007945522
0.000333,38.924,0.05,0.007945522
0.000334,38.763,0.05,0.007945522
0.000335,38.925,0.05,0.007945522
0.000336,38.763,0.05,0.007945522
0.000337,38.763,0.05,0.007945522
0.000338,38.494,0.05,0.007945522
0.000339,38.602,0.05,0.007945522
0.00034,38.602,0.05,0.007945522
0.000341,38.389,0.05,0.007945522
0.000342,38.709,0.05,0.007945522
0.000343,38.283,0.05,0.007945522
0.000344,38.335,0.05,0.007945522
0.000345,38.392,0.05,0.007945522
0.000346,38.124,0.05,0.007945522
0.000347,38.336,0.05,0.007945522
0.000348,37.965,0.05,0.007945522
0.000349,38.018,0.05,0.007945522
0.00035,38.231,0.05,0.007945522
0.000351,38.124,0.05,0.007945522
0.000352,38.018,0.05,0.007945522
0.000353,37.965,0.05,0.007945522
0.000354,37.912,0.05,0.007945522
0.000355,37.752,0.05,0.007945522
0.000356,38.018,0.05,0.007945522
0.000357,37.699,0.05,0.007945522
0.000358,37.594,0.05,0.007945522
0.000359,37.912,0.05,0.007945522
0.00036,37.434,0.05,0.007945522
0.000361,37.384,0.05,0.007945522
0.000362,37.593,0.05,0.007945522
0.000363,37.273,0.05,0.007945522
0.000364,37.329,0.05,0.007945522
0.000365,37.381,0.05,0.007945522
0.000366,37.169,0.05,0.007945522
0.000367,37.327,0.05,0.007945522
0.000368,37.171,0.05,0.007945522
0.000369,37.118,0.05,0.007945522
0.00037,37.17,0.05,0.007945522
0.000371,36.799,0.05,0.007945522
0.000372,36.803,0.05,0.007945522
0.000373,36.644,0.05,0.007945522
0.000374,36.907,0.05,0.007945522
0.000375,36.592,0.05,0.007945522
0.000376,36.638,0.05,0.007945522
0.000377,36.695,0.05,0.007945522
0.000378,36.647,0.05,0.007945522
0.000379,36.483,0.05,0.007945522
0.00038,36.749,0.05,0.007945522
0.000381,36.481,0.05,0.007945522
0.000382,36.481,0.05,0.007945522
0.000383,36.43,0.05,0.007945522
0.000384,36.378,0.05,0.007945522
0.000385,36.166,0.05,0.007945522
0.000386,36.753,0.05,0.007945522
0.000387,36.374,0.05,0.007945522
0.000388,36.33,0.05,0.007945522
0.000389,36.328,0.05,0.007945522
0.00039,36.534,0.05,0.007945522
0.000391,36.066,0.05,0.007945522
0.000392,36.111,0.05,0.007945522
0.000393,35.899,0.05,0.007945522
0.000394,36.12,0.05,0.007945522
0.000395,35.961,0.05,0.007945522
0.000396,35.963,0.05,0.007945522
0.000397,36.008,0.05,0.007945522
0.000398,35.904,0.05,0.007945522
0.000399,36.122,0.05,0.007945522
0.0004,35.903,0.05,0.007945522
0.000401,36.223,0.05,0.007945522
0.000402,36.176,0.05,0.007945522
0.000403,36.171,0.05,0.007945522
0.000404,36.01,0.05,0.007945522
0.000405,35.743,0.05,0.007945522
0.000406,36.171,0.05,0.007945522
0.000407,36.012,0.05,0.007945522
0.000408,36.01,0.05,0.007945522
0.000409,36.173,0.05,0.007945522
0.00041,35.953,0.05,0.007945522
0.000411,35.639,0.05,0.007945522
0.000412,35.696,0.05,0.007945522
0.000413,35.855,0.05,0.007945522
0.000414,35.648,0.05,0.007945522
0.000415,35.489,0.05,0.007945522
0.000416,35.419,0.05,0.007945522
0.000417,35.755,0.05,0.007945522
0.000418,35.482,0.05,0.007945522
0.000419,35.487,0.05,0.007945522
0.00042,35.748,0.05,0.007945522
0.000421,35.648,0.05,0.007945522
0.000422,35.535,0.05,0.007945522
0.000423,35.486,0.05,0.007945522
0.000424,35.16,0.05,0.007945522
0.000425,35.222,0.05,0.007945522
0.000426,35.478,0.05,0.007945522
0.000427,35.327,0.05,0.007945522
0.000428,35.181,0.05,0.007945522
0.000429,35.117,0.05,0.007945522
0.00043,35.22,0.05,0.007945522
0.000431,35.232,0.05,0.007945522
0.000432,35.119,0.05,0.007945522
0.000433,34.965,0.05,0.007945522
0.000434,34.868,0.05,0.007945522
0.000435,35.171,0.05,0.007945522
0.000436,35.278,0.05,0.007945522
0.000437,34.709,0.05,0.007945522
0.000438,34.856,0.05,0.007945522
0.000439,34.919,0.05,0.007945522
0.00044,34.79,0.05,0.007945522
0.000441,34.689,0.05,0.007945522
0.000442,34.656,0.05,0.007945522
0.000443,34.809,0.05,0.007945522
0.000444,34.549,0.05,0.007945522
0.000445,34.653,0.05,0.007945522
0.000446,34.497,0.05,0.007945522
0.000447,34.59,0.05,0.007945522
0.000448,34.603,0.05,0.007945522
0.000449,34.813,0.05,0.007945522
0.00045,34.607,0.05,0.007945522
0.000451,34.235,0.05,0.007945522
0.000452,34.483,0.05,0.007945522
0.000453,34.452,0.05,0.007945522
0.000454,34.44,0.05,0.007945522
0.000455,34.342,0.05,0.007945522
0.000456,34.231,0.05,0.007945522
0.000457,33.878,0.05,0.007945522
0.000458,34.075,0.05,0.007945522
0.000459,34.333,0.05,0.007945522
0.00046,34.181,0.05,0.007945522
0.000461,34.389,0.05,0.007945522
0.000462,34.277,0.05,0.007945522
0.000463,34.13,0.05,0.007945522
0.000464,34.14,0.05,0.007945522
0.000465,33.495,0.05,0.007945522
0.000466,33.919,0.05,0.007945522
0.000467,34.022,0.05,0.007945522
0.000468,33.753,0.05,0.007945522
0.000469,33.924,0.05,0.007945522
0.00047,33.762,0.05,0.007945522
0.000471,33.565,0.05,0.007945522
0.000472,33.656,0.05,0.007945522
0.000473,33.802,0.05,0.007945522
0.000474,34.078,0.05,0.007945522
0.000475,33.642,0.05,0.007945522
0.000476,33.597,0.05,0.007945522
0.000477,33.457,0.05,0.007945522
0.000478,33.504,0.05,0.007945522
0.000479,33.595,0.05,0.007945522
0.00048,33.606,0.05,0.007945522
0.000481,33.605,0.05,0.007945522
0.000482,33.445,0.05,0.007945522
0.000483,33.611,0.05,0.007945522
0.000484,33.126,0.05,0.007945522
0.000485,33.34,0.05,0.007945522
0.000486,33.139,0.05,0.007945522
0.000487,33.463,0.05,0.007945522
0.000488,33.252,0.05,0.007945522
0.000489,33.308,0.05,0.007945522
0.00049,33.064,0.05,0.007945522
0.000491,33.108,0.05,0.007945522
0.000492,33.263,0.05,0.007945522
0.000493,32.93,0.05,0.007945522
0.000494,32.978,0.05,0.007945522
0.000495,33.093,0.05,0.007945522
0.000496,32.833,0.05,0.007945522
0.000497,32.804,0.05,0.007945522
0.000498,32.75,0.05,0.007945522
0.000499,32.935,0.05,0.007945522
0.0005,33.058,0.05,0.007945522
0.000501,32.67,0.05,0.007945522
0.000502,32.722,0.05,0.007945522
0.000503,32.935,0.05,0.007945522
0.000504,32.366,0.05,0.007945522
0.000505,32.57,0.05,0.007945522
0.000506,32.702,0.05,0.007945522
0.000507,32.511,0.05,0.007945522
0.000508,32.367,0.05,0.007945522
0.000509,32.631,0.05,0.007945522
0.00051,32.414,0.05,0.007945522
0.000511,32.354,0.05,0.007945522
0.000512,32.585,0.05,0.007945522
0.000513,32.367,0.05,0.007945522
0.000514,32.151,0.05,0.007945522
0.000515,32.432,0.05,0.007945522
0.000516,32.354,0.05,0.007945522
0.000517,32.376,0.05,0.007945522
0.000518,32.182,0.05,0.007945522
0.000519,32.248,0.05,0.007945522
0.00052,31.844,0.05,0.007945522
0.000521,32.129,0.05,0.007945522
0.000522,32.173,0.05,0.007945522
0.000523,31.968,0.05,0.007945522
0.000524,31.949,0.05,0.007945522
0.000525,32.208,0.05,0.007945522
0.000526,31.905,0.05,0.007945522
0.000527,31.959,0.05,0.007945522
0.000528,31.761,0.05,0.007945522
0.000529,31.727,0.05,0.007945522
0.00053,31.765,0.05,0.007945522
0.000531,31.731,0.05,0.007945522
0.000532,31.747,0.05,0.007945522
0.000533,31.591,0.05,0.007945522
0.000534,31.386,0.05,0.007945522
0.000535,31.582,0.05,0.007945522
0.000536,31.453,0.05,0.007945522
0.000537,31.659,0.05,0.007945522
0.000538,31.335,0.05,0.007945522
0.000539,31.6,0.05,0.007945522
0.00054,31.441,0.05,0.007945522
0.000541,31.566,0.05,0.007945522
0.000542,31.203,0.05,0.007945522
0.000543,31.375,0.05,0.007945522
0.000544,31.399,0.05,0.007945522
0.000545,31.287,0.05,0.007945522
0.000546,31.358,0.05,0.007945522
0.000547,31.295,0.05,0.007945522
0.000548,31.232,0.05,0.007945522
0.000549,31.038,0.05,0.007945522
0.00055,31.036,0.05,0.007945522
0.000551,31.319,0.05,0.007945522
0.000552,31.064,0.05,0.007945522
0.000553,31.083,0.05,0.007945522
0.000554,31.172,0.05,0.007945522
0.000555,31.103,0.05,0.007945522
0.000556,30.836,0.05,0.007945522
0.000557,30.753,0.05,0.007945522
0.000558,30.954,0.05,0.007945522
0.000559,30.765,0.05,0.007945522
0.00056,30.608,0.05,0.007945522
0.000561,30.829,0.05,0.007945522
0.000562,30.814,0.05,0.007945522
0.000563,30.63,0.05,0.007945522
0.000564,30.523,0.05,0.007945522
0.000565,30.715,0.05,0.007945522
0.000566,30.198,0.05,0.007945522
0.000567,30.706,0.05,0.007945522
0.000568,30.647,0.05,0.007945522
0.000569,30.296,0.05,0.007945522
0.00057,30.681,0.05,0.007945522
0.000571,30.419,0.05,0.007945522
0.000572,30.515,0.05,0.007945522
0.000573,30.346,0.05,0.007945522
0.000574,30.496,0.05,0.007945522
0.000575,30.326,0.05,0.007945522
0.000576,30.04,0.05,0.007945522
0.000577,30.276,0.05,0.007945522
0.000578,30.293,0.05,0.007945522
0.000579,30.288,0.05,0.007945522
0.00058,30.187,0.05,0.007945522
0.000581,30.118,0.05,0.007945522
0.000582,30.313,0.05,0.007945522
0.000583,30.132,0.05,0.007945522
0.000584,29.879,0.05,0.007945522
0.000585,30.285,0.05,0.007945522
0.000586,30.012,0.05,0.007945522
0.000587,30.157,0.05,0.007945522
0.000588,29.953,0.05,0.007945522
0.000589,29.754,0.05,0.007945522
0.00059,29.748,0.05,0.007945522
0.000591,29.815,0.05,0.007945522
0.000592,29.883,0.05,0.007945522
0.000593,29.838,0.05,0.007945522
0.000594,29.971,0.05,0.007945522
0.000595,29.611,0.05,0.007945522
0.000596,29.792,0.05,0.007945522
0.000597,29.792,0.05,0.007945522
0.000598,29.925,0.05,0.007945522
0.000599,29.744,0.05,0.007945522
0.0006,29.941,0.05,0.007945522
0.000601,30.008,0.05,0.007945522
0.000602,29.512,0.05,0.007945522
0.000603,29.487,0.05,0.007945522
0.000604,29.517,0.05,0.007945522
0.000605,29.676,0.05,0.007945522
0.000606,29.454,0.05,0.007945522
0.000607,29.295,0.05,0.007945522
0.000608,29.57,0.05,0.007945522
0.000609,29.383,0.05,0.007945522
0.00061,29.196,0.05,0.007945522
0.000611,29.262,0.05,0.007945522
0.000612,29.262,0.05,0.007945522
0.000613,29.11,0.05,0.007945522
0.000614,29.257,0.05,0.007945522
0.000615,29.246,0.05,0.007945522
0.000616,29.312,0.05,0.007945522
0.000617,28.975,0.05,0.007945522
0.000618,29.111,0.05,0.007945522
0.000619,29.18,0.05,0.007945522
0.00062,29.32,0.05,0.007945522
0.000621,29.065,0.05,0.007945522
0.000622,29.009,0.05,0.007945522
0.000623,29.18,0.05,0.007945522
0.000624,28.858,0.05,0.007945522
0.000625,28.73,0.05,0.007945522
0.000626,29.009,0.05,0.007945522
0.000627,29.001,0.05,0.007945522
0.000628,29.07,0.05,0.007945522
0.000629,28.81,0.05,0.007945522
0.00063,28.773,0.05,0.007945522
0.000631,28.842,0.05,0.007945522
0.000632,28.581,0.05,0.007945522
0.000633,28.913,0.05,0.007945522
0.000634,28.651,0.05,0.007945522
0.000635,28.595,0.05,0.007945522
0.000636,28.653,0.05,0.007945522
0.000637,28.497,0.05,0.007945522
0.000638,28.568,0.05,0.007945522
0.000639,28.725,0.05,0.007945522
0.00064,28.528,0.05,0.007945522
0.000641,28.603,0.05,0.007945522
0.000642,28.393,0.05,0.007945522
0.000643,28.474,0.05,0.007945522
0.000644,28.22,0.05,0.007945522
0.000645,28.357,0.05,0.007945522
0.000646,28.502,0.05,0.007945522
0.000647,28.159,0.05,0.007945522
0.000648,28.242,0.05,0.007945522
0.000649,28.379,0.05,0.007945522
0.00065,28.091,0.05,0.007945522
0.000651,28.265,0.05,0.007945522
0.000652,28.117,0.05,0.007945522
0.000653,28.237,0.05,0.007945522
0.000654,28.097,0.05,0.007945522
0.000655,28.011,0.05,0.007945522
0.000656,28.079,0.05,0.007945522
0.000657,27.965,0.05,0.007945522
0.000658,27.805,0.05,0.007945522
0.000659,27.952,0.05,0.007945522
0.00066,28.24,0.05,0.007945522
0.000661,28.201,0.05,0.007945522
0.000662,27.763,0.05,0.007945522
0.000663,27.681,0.05,0.007945522
0.000664,27.879,0.05,0.007945522
0.000665,27.837,0.05,0.007945522
0.000666,27.902,0.05,0.007945522
0.000667,27.823,0.05,0.007945522
0.000668,27.834,0.05,0.007945522
0.000669,27.448,0.05,0.007945522
0.00067,27.672,0.05,0.007945522
0.000671,27.622,0.05,0.007945522
0.000672,27.717,0.05,0.007945522
0.000673,27.554,0.05,0.007945522
0.000674,27.261,0.05,0.007945522
0.000675,27.664,0.05,0.007945522
0.000676,27.589,0.05,0.007945522
0.000677,27.476,0.05,0.007945522
0.000678,27.192,0.05,0.007945522
0.000679,27.236,0.05,0.007945522
0.00068,27.37,0.05,0.007945522
0.000681,27.398,0.05,0.007945522
0.000682,27.28,0.05,0.007945522
0.000683,27.214,0.05,0.007945522
0.000684,27.214,0.05,0.007945522
0.000685,27.227,0.05,0.007945522
0.000686,26.941,0.05,0.007945522
0.000687,27.024,0.05,0.007945522
0.000688,27.155,0.05,0.007945522
0.000689,27.01,0.05,0.007945522
0.00069,27.239,0.05,0.007945522
0.000691,26.971,0.05,0.007945522
0.000692,26.812,0.05,0.007945522
0.000693,26.826,0.05,0.007945522
0.000694,26.958,0.05,0.007945522
0.000695,26.879,0.05,0.007945522
0.000696,26.72,0.05,0.007945522
0.000697,27.029,0.05,0.007945522
0.000698,26.702,0.05,0.007945522
0.000699,26.566,0.05,0.007945522
0.0007,26.785,0.05,0.007945522
0.000701,26.4,0.05,0.007945522
0.000702,26.776,0.05,0.007945522
0.000703,26.696,0.05,0.007945522
0.000704,26.993,0.05,0.007945522
0.000705,26.865,0.05,0.007945522
0.000706,26.669,0.05,0.007945522
0.000707,26.526,0.05,0.007945522
0.000708,26.666,0.05,0.007945522
0.000709,26.576,0.05,0.007945522
0.00071,26.702,0.05,0.007945522
0.000711,26.51,0.05,0.007945522
0.000712,26.277,0.05,0.007945522
0.000713,26.467,0.05,0.007945522
0.000714,26.49,0.05,0.007945522
0.000715,26.31,0.05,0.007945522
0.000716,26.45,0.05,0.007945522
0.000717,26.546,0.05,0.007945522
0.000718,25.929,0.05,0.007945522
0.000719,26.33,0.05,0.007945522
0.00072,26.4,0.05,0.007945522
0.000721,26.1,0.05,0.007945522
0.000722,26.404,0.05,0.007945522
0.000723,26.361,0.05,0.007945522
0.000724,26.248,0.05,0.007945522
0.000725,26.193,0.05,0.007945522
0.000726,25.833,0.05,0.007945522
0.000727,26.088,0.05,0.007945522
0.000728,26.119,0.05,0.007945522
0.000729,25.804,0.05,0.007945522
0.00073,26.172,0.05,0.007945522
0.000731,25.794,0.05,0.007945522
0.000732,26.01,0.05,0.007945522
0.000733,26.109,0.05,0.007945522
0.000734,25.815,0.05,0.007945522
0.000735,26.155,0.05,0.007945522
0.000736,25.66,0.05,0.007945522
0.000737,25.776,0.05,0.007945522
0.000738,25.469,0.05,0.007945522
0.000739,25.837,0.05,0.007945522
0.00074,25.514,0.05,0.007945522
0.000741,25.709,0.05,0.007945522
0.000742,25.844,0.05,0.007945522
0.000743,25.539,0.05,0.007945522
0.000744,25.265,0.05,0.007945522
0.000745,25.56,0.05,0.007945522
0.000746,25.695,0.05,0.007945522
0.000747,25.518,0.05,0.007945522
0.000748,25.61,0.05,0.007945522
0.000749,25.339,0.05,0.007945522
0.00075,25.362,0.05,0.007945522
0.000751,25.368,0.05,0.007945522
0.000752,25.377,0.05,0.007945522
0.000753,25.36,0.05,0.007945522
0.000754,25.405,0.05,0.007945522
0.000755,25.508,0.05,0.007945522
0.000756,25.426,0.05,0.007945522
0.000757,25.172,0.05,0.007945522
0.000758,25.265,0.05,0.007945522
0.000759,25.115,0.05,0.007945522
0.00076,24.857,0.05,0.007945522
0.000761,25.468,0.05,0.007945522
0.000762,25.322,0.05,0.007945522
0.000763,24.869,0.05,0.007945522
0.000764,25.006,0.05,0.007945522
0.000765,25.096,0.05,0.007945522
0.000766,25.134,0.05,0.007945522
0.000767,24.971,0.05,0.007945522
0.000768,24.884,0.05,0.007945522
0.000769,24.622,0.05,0.007945522
0.00077,24.982,0.05,0.007945522
0.000771,24.944,0.05,0.007945522
0.000772,24.649,0.05,0.007945522
0.000773,24.732,0.05,0.007945522
0.000774,24.801,0.05,0.007945522
0.000775,24.451,0.05,0.007945522
0.000776,24.687,0.05,0.007945522
0.000777,24.52,0.05,0.007945522
0.000778,24.58,0.05,0.007945522
0.000779,24.606,0.05,0.007945522
0.00078,24.797,0.05,0.007945522
0.000781,24.506,0.05,0.007945522
0.000782,24.652,0.05,0.007945522
0.000783,24.534,0.05,0.007945522
0.000784,24.537,0.05,0.007945522
0.000785,24.325,0.05,0.007945522
0.000786,24.304,0.05,0.007945522
0.000787,24.272,0.05,0.007945522
0.000788,24.497,0.05,0.007945522
0.000789,24.49,0.05,0.007945522
0.00079,24.249,0.05,0.007945522
0.000791,24.508,0.05,0.007945522
0.000792,24.382,0.05,0.007945522
0.000793,24.547,0.05,0.007945522
0.000794,24.485,0.05,0.007945522
0.000795,24.463,0.05,0.007945522
0.000796,24.057,0.05,0.007945522
0.000797,24.357,0.05,0.007945522
0.000798,24.194,0.05,0.007945522
0.000799,24.159,0.05,0.007945522
0.0008,24.204,0.05,0.007945522
0.000801,24.042,0.05,0.007945522
0.000802,23.966,0.05,0.007945522
0.000803,24.11,0.05,0.007945522
0.000804,24.137,0.05,0.007945522
0.000805,24.143,0.05,0.007945522
0.000806,23.984,0.05,0.007945522
0.000807,23.975,0.05,0.007945522
0.000808,23.927,0.05,0.007945522
0.000809,24.09,0.05,0.007945522
0.00081,23.837,0.05,0.007945522
0.000811,24.058,0.05,0.007945522
0.000812,23.947,0.05,0.007945522
0.000813,23.644,0.05,0.007945522
0.000814,23.755,0.05,0.007945522
0.000815,23.8,0.05,0.007945522
0.000816,23.775,0.05,0.007945522
0.000817,23.641,0.05,0.007945522
0.000818,23.873,0.05,0.007945522
0.000819,23.816,0.05,0.007945522
0.00082,23.317,0.05,0.007945522
0.000821,23.587,0.05,0.007945522
0.000822,23.714,0.05,0.007945522
0.000823,23.636,0.05,0.007945522
0.000824,23.661,0.05,0.007945522
0.000825,23.567,0.05,0.007945522
0.000826,23.407,0.05,0.007945522
0.000827,23.551,0.05,0.007945522
0.000828,23.393,0.05,0.007945522
0.000829,23.364,0.05,0.007945522
0.00083,23.42,0.05,0.007945522
0.000831,23.141,0.05,0.007945522
0.000832,23.641,0.05,0.007945522
0.000833,23.215,0.05,0.007945522
0.000834,23.086,0.05,0.007945522
0.000835,23.241,0.05,0.007945522
0.000836,23.194,0.05,0.007945522
0.000837,23.167,0.05,0.007945522
0.000838,22.945,0.05,0.007945522
0.000839,23.105,0.05,0.007945522
0.00084,23.181,0.05,0.007945522
0.000841,23.087,0.05,0.007945522
0.000842,23.205,0.05,0.007945522
0.000843,22.961,0.05,0.007945522
0.000844,22.969,0.05,0.007945522
0.000845,22.845,0.05,0.007945522
0.000846,23.005,0.05,0.007945522
0.000847,22.942,0.05,0.007945522
0.000848,22.756,0.05,0.007945522
0.000849,22.964,0.05,0.007945522
0.00085,23.011,0.05,0.007945522
0.000851,22.761,0.05,0.007945522
0.000852,23.069,0.05,0.007945522
0.000853,22.726,0.05,0.007945522
0.000854,22.889,0.05,0.007945522
0.000855,22.673,0.05,0.007945522
0.000856,22.792,0.05,0.007945522
0.000857,22.771,0.05,0.007945522
0.000858,22.553,0.05,0.007945522
0.000859,22.779,0.05,0.007945522
0.00086,22.765,0.05,0.007945522
0.000861,22.713,0.05,0.007945522
0.000862,22.669,0.05,0.007945522
0.000863,22.359,0.05,0.007945522
0.000864,22.638,0.05,0.007945522
0.000865,22.429,0.05,0.007945522
0.000866,22.713,0.05,0.007945522
0.000867,22.593,0.05,0.007945522
0.000868,22.226,0.05,0.007945522
0.000869,22.327,0.05,0.007945522
0.00087,22.584,0.05,0.007945522
0.000871,22.549,0.05,0.007945522
0.000872,22.452,0.05,0.007945522
0.000873,22.474,0.05,0.007945522
0.000874,22.135,0.05,0.007945522
0.000875,22.284,0.05,0.007945522
0.000876,22.093,0.05,0.007945522
0.000877,22.333,0.05,0.007945522
0.000878,22.293,0.05,0.007945522
0.000879,22.527,0.05,0.007945522
0.00088,22.562,0.05,0.007945522
0.000881,22.107,0.05,0.007945522
0.000882,21.965,0.05,0.007945522
0.000883,22.123,0.05,0.007945522
0.000884,22.345,0.05,0.007945522
0.000885,22.324,0.05,0.007945522
0.000886,22.204,0.05,0.007945522
0.000887,21.972,0.05,0.007945522
0.000888,21.917,0.05,0.007945522
0.000889,21.794,0.05,0.007945522
0.00089,22.1,0.05,0.007945522
0.000891,21.712,0.05,0.007945522
0.000892,22.275,0.05,0.007945522
0.000893,22.017,0.05,0.007945522
0.000894,21.979,0.05,0.007945522
0.000895,22.01,0.05,0.007945522
0.000896,21.755,0.05,0.007945522
0.000897,21.889,0.05,0.007945522
0.000898,21.997,0.05,0.007945522
0.000899,21.588,0.05,0.007945522
0.0009,21.496,0.05,0.007945522
0.000901,21.9,0.05,0.007945522
0.000902,21.48,0.05,0.007945522
0.000903,21.63,0.05,0.007945522
0.000904,21.797,0.05,0.007945522
0.000905,21.702,0.05,0.007945522
0.000906,21.498,0.05,0.007945522
0.000907,21.616,0.05,0.007945522
0.000908,21.671,0.05,0.007945522
0.000909,21.411,0.05,0.007945522
0.00091,21.665,0.05,0.007945522
0.000911,21.59,0.05,0.007945522
0.000912,21.496,0.05,0.007945522
0.000913,21.409,0.05,0.007945522
0.000914,21.243,0.05,0.007945522
0.000915,21.315,0.05,0.007945522
0.000916,21.455,0.05,0.007945522
0.000917,21.373,0.05,0.007945522
0.000918,21.296,0.05,0.007945522
0.000919,21.296,0.05,0.007945522
0.00092,21.089,0.05,0.007945522
0.000921,21.315,0.05,0.007945522
0.000922,21.181,0.05,0.007945522
0.000923,21.253,0.05,0.007945522
0.000924,21.388,0.05,0.007945522
0.000925,21.248,0.05,0.007945522
0.000926,21.001,0.05,0.007945522
0.000927,21.423,0.05,0.007945522
0.000928,21.2,0.05,0.007945522
0.000929,20.958,0.05,0.007945522
0.00093,20.948,0.05,0.007945522
0.000931,21.181,0.05,0.007945522
0.000932,21.33,0.05,0.007945522
0.000933,21.388,0.05,0.007945522
0.000934,21.05,0.05,0.007945522
0.000935,20.992,0.05,0.007945522
0.000936,20.813,0.05,0.007945522
0.000937,21.315,0.05,0.007945522
0.000938,20.784,0.05,0.007945522
0.000939,21.021,0.05,0.007945522
0.00094,20.863,0.05,0.007945522
0.000941,20.77,0.05,0.007945522
0.000942,20.731,0.05,0.007945522
0.000943,20.76,0.05,0.007945522
0.000944,20.742,0.05,0.007945522
0.000945,20.781,0.05,0.007945522
0.000946,20.765,0.05,0.007945522
0.000947,21.045,0.05,0.007945522
0.000948,20.579,0.05,0.007945522
0.000949,20.67,0.05,0.007945522
0.00095,20.626,0.05,0.007945522
0.000951,20.511,0.05,0.007945522
0.000952,20.823,0.05,0.007945522
0.000953,20.612,0.05,0.007945522
0.000954,20.895,0.05,0.007945522
0.000955,20.448,0.05,0.007945522
0.000956,20.413,0.05,0.007945522
0.000957,20.309,0.05,0.007945522
0.000958,20.37,0.05,0.007945522
0.000959,20.718,0.05,0.007945522
0.00096,20.568,0.05,0.007945522
0.000961,20.19,0.05,0.007945522
0.000962,20.36,0.05,0.007945522
0.000963,20.188,0.05,0.007945522
0.000964,20.246,0.05,0.007945522
0.000965,20.44,0.05,0.007945522
0.000966,20.357,0.05,0.007945522
0.000967,20.513,0.05,0.007945522
0.000968,20.206,0.05,0.007945522
0.000969,20.143,0.05,0.007945522
0.00097,20.317,0.05,0.007945522
0.000971,20.435,0.05,0.007945522
0.000972,20.234,0.05,0.007945522
0.000973,19.822,0.05,0.007945522
0.000974,20.049,0.05,0.007945522
0.000975,20.061,0.05,0.007945522
0.000976,20.133,0.05,0.007945522
0.000977,20.269,0.05,0.007945522
0.000978,20.251,0.05,0.007945522
0.000979,20.373,0.05,0.007945522
0.00098,20.06,0.05,0.007945522
0.000981,19.934,0.05,0.007945522
0.000982,19.754,0.05,0.007945522
0.000983,19.767,0.05,0.007945522
0.000984,19.852,0.05,0.007945522
0.000985,19.847,0.05,0.007945522
0.000986,19.998,0.05,0.007945522
0.000987,19.989,0.05,0.007945522
0.000988,19.934,0.05,0.007945522
0.000989,19.919,0.05,0.007945522
0.00099,19.827,0.05,0.007945522
0.000991,19.789,0.05,0.007945522
0.000992,19.945,0.05,0.007945522
0.000993,19.649,0.05,0.007945522
0.000994,19.719,0.05,0.007945522
0.000995,19.739,0.05,0.007945522
0.000996,19.443,0.05,0.007945522
0.000997,19.704,0.05,0.007945522
0.000998,19.543,0.05,0.007945522
0.000999,19.511,0.05,0.007945522
0.001,19.565,0.05,0.007945522