Reaction,temperature,pressure,M,k,ln_unc_k,W
2 OH <=> H2O + O,360,0,0,771000000000,0.693147181,0.377964473
2 OH <=> H2O + O,340,0,0,777000000000,0.693147181,0.377964473
2 OH <=> H2O + O,320,0,0,807000000000,0.693147181,0.377964473
2 OH <=> H2O + O,299,0,0,843000000000,0.693147181,0.377964473
2 OH <=> H2O + O,273,0,0,957000000000,0.693147181,0.377964473
2 OH <=> H2O + O,253,0,0,939000000000,0.693147181,0.377964473
2 OH <=> H2O + O,233,0,0,1050000000000,0.693147181,0.377964473
2 OH <=> H2O + O,1050,0.217,0,1950000000000,0.693147181,0.19245009
2 OH <=> H2O + O,1069,0.215,0,1850000000000,0.693147181,0.19245009
2 OH <=> H2O + O,1103,0.205,0,1700000000000,0.693147181,0.19245009
2 OH <=> H2O + O,1105,0.365,0,1850000000000,0.693147181,0.19245009
2 OH <=> H2O + O,1118,0.205,0,2150000000000,0.693147181,0.19245009
2 OH <=> H2O + O,1183,0.202,0,2000000000000,0.693147181,0.19245009
2 OH <=> H2O + O,1198,0.421,0,1950000000000,0.693147181,0.19245009
2 OH <=> H2O + O,1228,0.219,0,2350000000000,0.693147181,0.19245009
2 OH <=> H2O + O,1248,0.182,0,2200000000000,0.693147181,0.19245009
2 OH <=> H2O + O,1256,0.183,0,2400000000000,0.693147181,0.19245009
2 OH <=> H2O + O,1300,0.439,0,2010000000000,0.693147181,0.19245009
2 OH <=> H2O + O,1398,0.305,0,2450000000000,0.693147181,0.19245009
2 OH <=> H2O + O,1416,0.405,0,2550000000000,0.693147181,0.19245009
2 OH <=> H2O + O,1494,0.397,0,2660000000000,0.693147181,0.19245009
2 OH <=> H2O + O,1591,0.363,0,2950000000000,0.693147181,0.19245009
2 OH <=> H2O + O,1592,0.364,0,3100000000000,0.693147181,0.19245009
2 OH <=> H2O + O,1644,0.602,0,3100000000000,0.693147181,0.19245009
2 OH <=> H2O + O,1650,0.34,0,3350000000000,0.693147181,0.19245009
2 OH <=> H2O + O,1684,0.253,0,3650000000000,0.693147181,0.19245009
2 OH <=> H2O + O,1750,0.227,0,3850000000000,0.693147181,0.19245009
2 OH <=> H2O + O,1861,0.287,0,4950000000000,0.693147181,0.19245009
2 OH <=> H2O + O,1902,0.292,0,4750000000000,0.693147181,0.19245009
2 OH <=> H2O + O,2013,0.322,0,4720000000000,0.693147181,0.19245009
2 OH <=> H2O + O,2189,0.217,0,6400000000000,0.693147181,0.19245009
2 OH <=> H2O + O,2265,0.286,0,7320000000000,0.693147181,0.19245009
2 OH <=> H2O + O,2352,0.196,0,7500000000000,0.693147181,0.19245009
2 OH <=> H2O + O,2384,0.182,0,8500000000000,0.693147181,0.19245009
2 OH <=> H2O + O,1176,1.81,0,1700000000000,0.693147181,1E-10
2 OH <=> H2O + O,1233,1.746,0,1900000000000,0.693147181,1E-10
2 OH <=> H2O + O,1344,1.974,0,2000000000000,0.693147181,1E-10
2 OH <=> H2O + O,1277,2.02,0,2000000000000,0.693147181,1E-10
2 OH <=> H2O + O,1317,2.011,0,2100000000000,0.693147181,1E-10
2 OH <=> H2O + O,1374,1.945,0,2200000000000,0.693147181,1E-10
2 OH <=> H2O + O,1398,1.909,0,2300000000000,0.693147181,1E-10
2 OH <=> H2O + O,1424,1.868,0,2200000000000,0.693147181,1E-10
2 OH <=> H2O + O,1123,0,0,1570000000000,0.693147181,0.098058068
2 OH <=> H2O + O,1123,0,0,1480000000000,0.693147181,0.098058068
2 OH <=> H2O + O,1123,0,0,1430000000000,0.693147181,0.098058068
2 OH <=> H2O + O,1123,0,0,1580000000000,0.693147181,0.098058068
2 OH <=> H2O + O,1123,0,0,1630000000000,0.693147181,0.098058068
2 OH <=> H2O + O,1123,0,0,1510000000000,0.693147181,0.098058068
2 OH <=> H2O + O,1123,0,0,1520000000000,0.693147181,0.098058068
2 OH <=> H2O + O,1123,0,0,1520000000000,0.693147181,0.098058068
2 OH <=> H2O + O,1123,0,0,1580000000000,0.693147181,0.098058068
2 OH <=> H2O + O,1090,0,0,1360000000000,0.693147181,0.098058068
2 OH <=> H2O + O,1091,0,0,1370000000000,0.693147181,0.098058068
2 OH <=> H2O + O,1090,0,0,1360000000000,0.693147181,0.098058068
2 OH <=> H2O + O,1090,0,0,1290000000000,0.693147181,0.098058068
2 OH <=> H2O + O,1090,0,0,1410000000000,0.693147181,0.098058068
2 OH <=> H2O + O,1090,0,0,1360000000000,0.693147181,0.098058068
2 OH <=> H2O + O,1091,0,0,1390000000000,0.693147181,0.098058068
2 OH <=> H2O + O,1054,0,0,1280000000000,0.693147181,0.098058068
2 OH <=> H2O + O,1054,0,0,1240000000000,0.693147181,0.098058068
2 OH <=> H2O + O,1053,0,0,1390000000000,0.693147181,0.098058068
2 OH <=> H2O + O,1053,0,0,1210000000000,0.693147181,0.098058068
2 OH <=> H2O + O,1053,0,0,1370000000000,0.693147181,0.098058068
2 OH <=> H2O + O,1615,0,0,2280000000000,0.693147181,0.098058068
2 OH <=> H2O + O,1683,0,0,2810000000000,0.693147181,0.098058068
2 OH <=> H2O + O,1843,0,0,3240000000000,0.693147181,0.098058068
2 OH <=> H2O + O,1899,0,0,2350000000000,0.693147181,0.098058068
2 OH <=> H2O + O,1933,0,0,3130000000000,0.693147181,0.098058068
2 OH <=> H2O + O,1935,0,0,3270000000000,0.693147181,0.098058068
2 OH <=> H2O + O,1954,0,0,2120000000000,0.693147181,0.098058068
2 OH <=> H2O + O,1983,0,0,3140000000000,0.693147181,0.098058068
2 OH <=> H2O + O,1997,0,0,2580000000000,0.693147181,0.098058068
2 OH <=> H2O + O,2001,0,0,3520000000000,0.693147181,0.098058068
2 OH <=> H2O + O,2031,0,0,3020000000000,0.693147181,0.098058068
2 OH <=> H2O + O,2033,0,0,2940000000000,0.693147181,0.098058068
2 OH <=> H2O + O,1534,0,0,2520000000000,0.693147181,0.098058068
2 OH <=> H2O + O,1627,0,0,1580000000000,0.693147181,0.098058068
2 OH <=> H2O + O,1690,0,0,1740000000000,0.693147181,0.098058068
2 OH <=> H2O + O,1694,0,0,2410000000000,0.693147181,0.098058068
2 OH <=> H2O + O,1744,0,0,2230000000000,0.693147181,0.098058068
2 OH <=> H2O + O,1775,0,0,1620000000000,0.693147181,0.098058068
2 OH <=> H2O + O,1852,0,0,3130000000000,0.693147181,0.098058068
2 OH <=> H2O + O,1887,0,0,4050000000000,0.693147181,0.098058068
2 OH <=> H2O + O,1897,0,0,2930000000000,0.693147181,0.098058068
2 OH <=> H2O + O,1975,0,0,2240000000000,0.693147181,0.098058068
2 OH <=> H2O + O,1995,0,0,3160000000000,0.693147181,0.098058068
2 OH <=> H2O + O,2010,0,0,2420000000000,0.693147181,0.098058068
2 OH <=> H2O + O,1623,0,0,1560000000000,0.693147181,0.098058068
2 OH <=> H2O + O,1757,0,0,1820000000000,0.693147181,0.098058068
2 OH <=> H2O + O,1890,0,0,3130000000000,0.693147181,0.098058068
2 OH <=> H2O + O,2016,0,0,2160000000000,0.693147181,0.098058068
2 OH <=> H2O + O,1698,0,0,2080000000000,0.693147181,0.098058068
2 OH <=> H2O + O,1704,0,0,2170000000000,0.693147181,0.098058068
2 OH <=> H2O + O,1743,0,0,2420000000000,0.693147181,0.098058068
2 OH <=> H2O + O,1767,0,0,2570000000000,0.693147181,0.098058068
2 OH <=> H2O + O,1773,0,0,2550000000000,0.693147181,0.098058068
2 OH <=> H2O + O,1778,0,0,2310000000000,0.693147181,0.098058068
2 OH <=> H2O + O,1805,0,0,2850000000000,0.693147181,0.098058068
2 OH <=> H2O + O,1828,0,0,3110000000000,0.693147181,0.098058068
2 OH <=> H2O + O,1835,0,0,2920000000000,0.693147181,0.098058068
2 OH <=> H2O + O,1840,0,0,2740000000000,0.693147181,0.098058068
2 OH <=> H2O + O,1854,0,0,3180000000000,0.693147181,0.098058068
2 OH <=> H2O + O,1986,0,0,2170000000000,0.693147181,0.098058068
2 OH <=> H2O + O,1573,0,0,1620000000000,0.693147181,0.098058068
2 OH <=> H2O + O,1587,0,0,1420000000000,0.693147181,0.098058068
2 OH <=> H2O + O,1589,0,0,1590000000000,0.693147181,0.098058068
2 OH <=> H2O + O,1626,0,0,1980000000000,0.693147181,0.098058068
2 OH <=> H2O + O,1665,0,0,1780000000000,0.693147181,0.098058068
2 OH <=> H2O + O,1682,0,0,2100000000000,0.693147181,0.098058068
2 OH <=> H2O + O,1707,0,0,2100000000000,0.693147181,0.098058068
2 OH <=> H2O + O,1337,0,0,2080000000000,0.693147181,0.098058068
2 OH <=> H2O + O,1378,0,0,1990000000000,0.693147181,0.098058068
2 OH <=> H2O + O,1416,0,0,2090000000000,0.693147181,0.098058068
2 OH <=> H2O + O,1448,0,0,2100000000000,0.693147181,0.098058068
2 OH <=> H2O + O,1454,0,0,2310000000000,0.693147181,0.098058068
2 OH <=> H2O + O,1470,0,0,2280000000000,0.693147181,0.098058068
2 OH <=> H2O + O,1471,0,0,2370000000000,0.693147181,0.098058068
2 OH <=> H2O + O,1474,0,0,2230000000000,0.693147181,0.098058068
2 OH <=> H2O + O,1487,0,0,2430000000000,0.693147181,0.098058068
2 OH <=> H2O + O,1566,0,0,1780000000000,0.693147181,0.098058068
2 OH <=> H2O + O,1593,0,0,1630000000000,0.693147181,0.098058068
2 OH <=> H2O + O,1597,0,0,1610000000000,0.693147181,0.098058068
2 OH <=> H2O + O,1668,0,0,1620000000000,0.693147181,0.098058068
2 OH <=> H2O + O,1719,0,0,1600000000000,0.693147181,0.098058068
2 OH <=> H2O + O,1434,0,0,2240000000000,0.693147181,0.098058068
2 OH <=> H2O + O,1288,0,0,1790000000000,0.693147181,0.098058068
2 OH <=> H2O + O,1315,0,0,1810000000000,0.693147181,0.098058068
2 OH <=> H2O + O,1336,0,0,1130000000000,0.693147181,0.098058068
2 OH <=> H2O + O,1341,0,0,1240000000000,0.693147181,0.098058068
2 OH <=> H2O + O,1355,0,0,1580000000000,0.693147181,0.098058068
2 OH <=> H2O + O,1367,0,0,1770000000000,0.693147181,0.098058068
2 OH <=> H2O + O,1416,0,0,2370000000000,0.693147181,0.098058068
2 OH <=> H2O + O,1429,0,0,1880000000000,0.693147181,0.098058068
2 OH <=> H2O + O,1438,0,0,1610000000000,0.693147181,0.098058068
2 OH <=> H2O + O,1448,0,0,2680000000000,0.693147181,0.098058068
2 OH <=> H2O + O,1514,0,0,2600000000000,0.693147181,0.098058068
2 OH <=> H2O + O,1375,0,0,2410000000000,0.693147181,0.098058068
2 OH <=> H2O + O,1456,0,0,2510000000000,0.693147181,0.098058068
2 OH <=> H2O + O,1506,0,0,1740000000000,0.693147181,0.098058068
2 OH <=> H2O + O,1520,0,0,1170000000000,0.693147181,0.098058068
2 OH <=> H2O + O,1589,0,0,1460000000000,0.693147181,0.098058068
2 OH <=> H2O + O,1385,0,0,1850000000000,0.693147181,0.098058068
2 OH <=> H2O + O,1429,0,0,1760000000000,0.693147181,0.098058068
2 OH <=> H2O + O,1438,0,0,1600000000000,0.693147181,0.098058068
2 OH <=> H2O + O,1457,0,0,1480000000000,0.693147181,0.098058068
2 OH <=> H2O + O,1460,0,0,1480000000000,0.693147181,0.098058068
2 OH <=> H2O + O,1577,0.021013158,0,2940000000000,0.693147181,0.140028008
2 OH <=> H2O + O,1500,0.020776316,0,3910000000000,0.693147181,0.140028008
2 OH <=> H2O + O,1551,0.020881579,0,3380000000000,0.693147181,0.140028008
2 OH <=> H2O + O,1702,0.020947368,0,3010000000000,0.693147181,0.140028008
2 OH <=> H2O + O,1550,0.021026316,0,3630000000000,0.693147181,0.140028008
2 OH <=> H2O + O,1531,0.020934211,0,4080000000000,0.693147181,0.140028008
2 OH <=> H2O + O,1522,0.020907895,0,4330000000000,0.693147181,0.140028008
2 OH <=> H2O + O,1542,0.020947368,0,3390000000000,0.693147181,0.140028008
2 OH <=> H2O + O,1695,0.020934211,0,2750000000000,0.693147181,0.140028008
2 OH <=> H2O + O,1660,0.020947368,0,3910000000000,0.693147181,0.140028008
2 OH <=> H2O + O,1701,0.020881579,0,3770000000000,0.693147181,0.140028008
2 OH <=> H2O + O,1685,0.020868421,0,4490000000000,0.693147181,0.140028008
2 OH <=> H2O + O,1858,0.020842105,0,3760000000000,0.693147181,0.140028008
2 OH <=> H2O + O,1823,0.020947368,0,3280000000000,0.693147181,0.140028008
2 OH <=> H2O + O,1867,0.020815789,0,3610000000000,0.693147181,0.140028008
2 OH <=> H2O + O,1722,0.020947368,0,3680000000000,0.693147181,0.140028008
2 OH <=> H2O + O,1600,0.021,0,3190000000000,0.693147181,0.140028008
2 OH <=> H2O + O,1570,0.020842105,0,3180000000000,0.693147181,0.140028008
2 OH <=> H2O + O,1627,0.021013158,0,3230000000000,0.693147181,0.140028008
2 OH <=> H2O + O,1635,0.020947368,0,3190000000000,0.693147181,0.140028008
2 OH <=> H2O + O,1594,0.021026316,0,3900000000000,0.693147181,0.140028008
2 OH <=> H2O + O,1595,0.020802632,0,3760000000000,0.693147181,0.140028008
2 OH <=> H2O + O,1551,0.020947368,0,3840000000000,0.693147181,0.140028008
2 OH <=> H2O + O,1789,0.021,0,4220000000000,0.693147181,0.140028008
2 OH <=> H2O + O,1686,0.020855263,0,3310000000000,0.693147181,0.140028008
2 OH <=> H2O + O,1853,0.020894737,0,3380000000000,0.693147181,0.140028008
2 OH <=> H2O + O,2119,0.020868421,0,3990000000000,0.693147181,0.140028008
2 OH <=> H2O + O,2000,0.020907895,0,4100000000000,0.693147181,0.140028008
2 OH <=> H2O + O,2369,0.020921053,0,4270000000000,0.693147181,0.140028008
2 OH <=> H2O + O,2113,0.020960526,0,4370000000000,0.693147181,0.140028008
2 OH <=> H2O + O,1995,0.021026316,0,3440000000000,0.693147181,0.140028008
2 OH <=> H2O + O,2117,0.020921053,0,3520000000000,0.693147181,0.140028008
2 OH <=> H2O + O,2320,0.020907895,0,4040000000000,0.693147181,0.140028008
2 OH <=> H2O + O,2092,0.020881579,0,3740000000000,0.693147181,0.140028008
2 OH <=> H2O + O,2265,0.020894737,0,4590000000000,0.693147181,0.140028008
2 OH <=> H2O + O,2307,0.021,0,4140000000000,0.693147181,0.140028008
2 OH <=> H2O + O,1832,0.020960526,0,2740000000000,0.693147181,0.140028008
2 OH <=> H2O + O,1819,0.020855263,0,3040000000000,0.693147181,0.140028008
2 OH <=> H2O + O,1945,0.020855263,0,4740000000000,0.693147181,0.140028008
2 OH <=> H2O + O,1789,0.020868421,0,5000000000000,0.693147181,0.140028008
2 OH <=> H2O + O,1894,0.020881579,0,4240000000000,0.693147181,0.140028008
2 OH <=> H2O + O,1813,0.020815789,0,4820000000000,0.693147181,0.140028008
2 OH <=> H2O + O,2018,0.020842105,0,2750000000000,0.693147181,0.140028008
2 OH <=> H2O + O,2105,0.020828947,0,4150000000000,0.693147181,0.140028008
2 OH <=> H2O + O,2070,0.020881579,0,5190000000000,0.693147181,0.140028008
2 OH <=> H2O + O,2165,0.020657895,0,5520000000000,0.693147181,0.140028008
2 OH <=> H2O + O,2221,0.020828947,0,6300000000000,0.693147181,0.140028008
2 OH <=> H2O + O,1978,0.020907895,0,4800000000000,0.693147181,0.140028008
2 OH <=> H2O + O,1932,0.020776316,0,5440000000000,0.693147181,0.140028008
2 OH <=> H2O + O,1778,0.020684211,0,4240000000000,0.693147181,0.140028008
2 OH <=> H2O + O,1735,0.020907895,0,4270000000000,0.693147181,0.140028008
2 OH <=> H2O + O,1940,0.020907895,0,3990000000000,0.693147181,0.277350098
2 OH <=> H2O + O,1972,0.021,0,5450000000000,0.693147181,0.277350098
2 OH <=> H2O + O,2204,0.020855263,0,4020000000000,0.693147181,0.277350098
2 OH <=> H2O + O,2093,0.021013158,0,4060000000000,0.693147181,0.277350098
2 OH <=> H2O + O,2015,0.020855263,0,5520000000000,0.693147181,0.277350098
2 OH <=> H2O + O,2099,0.020894737,0,4510000000000,0.693147181,0.277350098
2 OH <=> H2O + O,2186,0.020947368,0,4620000000000,0.693147181,0.277350098
2 OH <=> H2O + O,2037,0.020828947,0,3270000000000,0.693147181,0.277350098
2 OH <=> H2O + O,2095,0.019776316,0,4610000000000,0.693147181,0.277350098
2 OH <=> H2O + O,2118,0.020934211,0,3600000000000,0.693147181,0.277350098
2 OH <=> H2O + O,2080,0.020868421,0,4670000000000,0.693147181,0.277350098
2 OH <=> H2O + O,2061,0.020947368,0,4340000000000,0.693147181,0.277350098
2 OH <=> H2O + O,2231,0.020934211,0,4770000000000,0.693147181,0.277350098
2 OH <=> H2O + O,293,0,0,1630000000000,0.693147181,0.577350269
2 OH <=> H2O + O,347,0,0,1200000000000,0.693147181,0.577350269
2 OH <=> H2O + O,373,0,0,1350000000000,0.693147181,0.577350269
2 OH <=> H2O + O,1900,0,0,1350000000000,0.2390169,1E-10
2 OH <=> H2O + O,200,0,0,1350000000000,0.69,1E-10
2 OH <=> H2O + O,250,0,0,1350000000000,0.69,1E-10
2 OH <=> H2O + O,300,0,0,1350000000000,0.69,1E-10
2 OH <=> H2O + O,350,0,0,1350000000000,0.69,1E-10
2 OH <=> H2O + O,400,0,0,1350000000000,0.69,1E-10
2 OH <=> H2O + O,450,0,0,1350000000000,0.69,1E-10
2 OH <=> H2O + O,500,0,0,1350000000000,0.69,1E-10
2 OH <=> H2O + O,550,0,0,1350000000000,0.69,1E-10
2 OH <=> H2O + O,600,0,0,1350000000000,0.69,1E-10
2 OH <=> H2O + O,650,0,0,1350000000000,0.69,1E-10
2 OH <=> H2O + O,700,0,0,1350000000000,0.69,1E-10
2 OH <=> H2O + O,750,0,0,1350000000000,0.69,1E-10
2 OH <=> H2O + O,800,0,0,1350000000000,0.69,1E-10
2 OH <=> H2O + O,850,0,0,1350000000000,0.69,1E-10
2 OH <=> H2O + O,900,0,0,1350000000000,0.69,1E-10
2 OH <=> H2O + O,950,0,0,1350000000000,0.69,1E-10
2 OH <=> H2O + O,1000,0,0,1350000000000,0.69,1E-10
2 OH <=> H2O + O,1050,0,0,1350000000000,0.69,1E-10
2 OH <=> H2O + O,1100,0,0,1350000000000,0.69,1E-10
2 OH <=> H2O + O,1150,0,0,1350000000000,0.69,1E-10
2 OH <=> H2O + O,1200,0,0,1350000000000,0.69,1E-10
2 OH <=> H2O + O,1250,0,0,1350000000000,0.69,1E-10
2 OH <=> H2O + O,1300,0,0,1350000000000,0.69,1E-10
2 OH <=> H2O + O,1350,0,0,1350000000000,0.69,1E-10
2 OH <=> H2O + O,1400,0,0,1350000000000,0.69,1E-10
2 OH <=> H2O + O,1450,0,0,1350000000000,0.69,1E-10
2 OH <=> H2O + O,1500,0,0,1350000000000,0.69,1E-10
2 OH <=> H2O + O,1550,0,0,1350000000000,0.69,1E-10
2 OH <=> H2O + O,1600,0,0,1350000000000,0.69,1E-10
2 OH <=> H2O + O,1650,0,0,1350000000000,0.69,1E-10
2 OH <=> H2O + O,1700,0,0,1350000000000,0.69,1E-10
2 OH <=> H2O + O,1750,0,0,1350000000000,0.69,1E-10
2 OH <=> H2O + O,1800,0,0,1350000000000,0.69,1E-10
2 OH <=> H2O + O,1850,0,0,1350000000000,0.69,1E-10
2 OH <=> H2O + O,1900,0,0,1350000000000,0.69,1E-10
2 OH <=> H2O + O,1950,0,0,1350000000000,0.69,1E-10
2 OH <=> H2O + O,2000,0,0,1350000000000,0.69,1E-10
2 OH <=> H2O + O,2050,0,0,1350000000000,0.69,1E-10
2 OH <=> H2O + O,2100,0,0,1350000000000,0.69,1E-10
2 OH <=> H2O + O,2150,0,0,1350000000000,0.69,1E-10
2 OH <=> H2O + O,2200,0,0,1350000000000,0.69,1E-10
2 OH <=> H2O + O,2250,0,0,1350000000000,0.69,1E-10
2 OH <=> H2O + O,2300,0,0,1350000000000,0.69,1E-10
2 OH <=> H2O + O,2350,0,0,1350000000000,0.69,1E-10
2 OH <=> H2O + O,2400,0,0,1350000000000,0.69,1E-10
2 OH <=> H2O + O,2450,0,0,1350000000000,0.69,1E-10
2 OH <=> H2O + O,2500,0,0,1350000000000,0.69,1E-10
HO2 + OH <=> H2O + O2,308,0,0,59600000000000,0.693147181,1
HO2 + OH <=> H2O + O2,298,0,0,75300000000000,0.693147181,1
HO2 + OH <=> H2O + O2,298,0,0,72300000000000,0.693147181,1
HO2 + OH <=> H2O + O2,308,0,0,59600000000000,0.693147181,1
HO2 + OH <=> H2O + O2,296,0,0,90300000000000,0.693147181,1
HO2 + OH <=> H2O + O2,298,0,0,66200000000000,0.693147181,1
HO2 + OH <=> H2O + O2,254,0,0,77100000000000,0.693147181,0.354
HO2 + OH <=> H2O + O2,273,0,0,75300000000000,0.693147181,0.354
HO2 + OH <=> H2O + O2,294,0,0,59600000000000,0.693147181,0.354
HO2 + OH <=> H2O + O2,299,0,0,66200000000000,0.693147181,0.354
HO2 + OH <=> H2O + O2,299,0,0,62600000000000,0.693147181,0.354
HO2 + OH <=> H2O + O2,299,0,0,66800000000000,0.693147181,0.354
HO2 + OH <=> H2O + O2,340,0,0,60200000000000,0.693147181,0.354
HO2 + OH <=> H2O + O2,382,0,0,56000000000000,0.693147181,0.354
HO2 + OH <=> H2O + O2,968,3.59,0,7960000000000,2.302585093,1E-10
HO2 + OH <=> H2O + O2,1015,3.3,0,9630000000000,2.302585093,1E-10
HO2 + OH <=> H2O + O2,1079,3.44,0,11400000000000,2.302585093,1E-10
HO2 + OH <=> H2O + O2,1132,3.55,0,18300000000000,2.302585093,1E-10
HO2 + OH <=> H2O + O2,1218,3.04,0,26600000000000,2.302585093,1E-10
HO2 + OH <=> H2O + O2,1407,0,0,45200000000000,1.425515074,0.204
HO2 + OH <=> H2O + O2,1449,0,0,19900000000000,1.425515074,0.204
HO2 + OH <=> H2O + O2,1416,0,0,54200000000000,1.425515074,0.204
HO2 + OH <=> H2O + O2,1502,0,0,48200000000000,1.425515074,0.204
HO2 + OH <=> H2O + O2,1299,0,0,36100000000000,1.425515074,0.204
HO2 + OH <=> H2O + O2,1461,0,0,36100000000000,1.425515074,0.204
HO2 + OH <=> H2O + O2,1237,0,0,54200000000000,1.425515074,0.204
HO2 + OH <=> H2O + O2,1486,0,0,60200000000000,1.425515074,0.204
HO2 + OH <=> H2O + O2,1421,0,0,24100000000000,1.425515074,0.204
HO2 + OH <=> H2O + O2,1482,0,0,57200000000000,1.425515074,0.204
HO2 + OH <=> H2O + O2,1300,0,0,75300000000000,1.425515074,0.204
HO2 + OH <=> H2O + O2,1423,0,0,56000000000000,1.425515074,0.204
HO2 + OH <=> H2O + O2,1393,0,0,24100000000000,1.425515074,0.204
HO2 + OH <=> H2O + O2,1462,0,0,22900000000000,1.425515074,0.204
HO2 + OH <=> H2O + O2,1418,0,0,54200000000000,1.425515074,0.204
HO2 + OH <=> H2O + O2,1357,0,0,48200000000000,1.425515074,0.204
HO2 + OH <=> H2O + O2,1533,0,0,28300000000000,1.425515074,0.204
HO2 + OH <=> H2O + O2,1511,0,0,36100000000000,1.425515074,0.204
HO2 + OH <=> H2O + O2,1435,0,0,18100000000000,1.425515074,0.204
HO2 + OH <=> H2O + O2,1554,0,0,51200000000000,1.425515074,0.204
HO2 + OH <=> H2O + O2,1473,0,0,31900000000000,1.425515074,0.204
HO2 + OH <=> H2O + O2,1254,0,0,37300000000000,1.425515074,0.204
HO2 + OH <=> H2O + O2,1340,0,0,24100000000000,1.425515074,0.204
HO2 + OH <=> H2O + O2,1242,0,0,24100000000000,1.425515074,0.204
HO2 + OH <=> H2O + O2,2117.299672,0,0,35800000000000,0.2390169,0.0001
HO2 + OH <=> H2O + O2,2069.960526,0,0,31600000000000,0.2390169,0.0001
HO2 + OH <=> H2O + O2,2017.57469,0,0,34700000000000,0.2390169,0.0001
HO2 + OH <=> H2O + O2,1938.534123,0,0,31400000000000,0.2390169,0.0001
HO2 + OH <=> H2O + O2,1913.971205,0,0,31400000000000,0.2390169,0.0001
HO2 + OH <=> H2O + O2,1880.118034,0,0,29600000000000,0.2390169,0.0001
HO2 + OH <=> H2O + O2,1797.68171,0,0,32400000000000,0.2390169,0.0001
HO2 + OH <=> H2O + O2,1763.441391,0,0,32800000000000,0.2390169,0.0001
HO2 + OH <=> H2O + O2,1697.723692,0,0,28800000000000,0.2390169,0.0001
HO2 + OH <=> H2O + O2,1657.522667,0,0,32600000000000,0.2390169,0.0001
HO2 + OH <=> H2O + O2,1591.350691,0,0,33900000000000,0.2390169,0.0001
HO2 + OH <=> H2O + O2,300,0,0,10000000000000,0.2390169,1E-10
HO2 + OH <=> H2O + O2,400,0,0,10000000000000,0.2390169,1E-10
HO2 + OH <=> H2O + O2,500,0,0,10000000000000,0.2390169,1E-10
HO2 + OH <=> H2O + O2,600,0,0,10000000000000,0.2390169,1E-10
HO2 + OH <=> H2O + O2,700,0,0,10000000000000,0.2390169,1E-10
HO2 + OH <=> H2O + O2,800,0,0,10000000000000,0.2390169,1E-10
HO2 + OH <=> H2O + O2,900,0,0,10000000000000,0.2390169,1E-10
HO2 + OH <=> H2O + O2,1900,0,0,10000000000000,0.2390169,1E-10
HO2 + OH <=> H2O + O2,1700,0,0,10000000000000,0.2390169,1E-10
HO2 + OH <=> H2O + O2,550,0,0,10000000000000,0.2390169,1E-10
HO2 + OH <=> H2O + O2,600,0,0,10000000000000,0.2390169,1E-10
HO2 + OH <=> H2O + O2,200,0,0,1350000000000,0.69,1E-10
HO2 + OH <=> H2O + O2,250,0,0,1350000000000,0.69,1E-10
HO2 + OH <=> H2O + O2,300,0,0,1350000000000,0.69,1E-10
HO2 + OH <=> H2O + O2,350,0,0,1350000000000,0.69,1E-10
HO2 + OH <=> H2O + O2,400,0,0,1350000000000,0.69,1E-10
HO2 + OH <=> H2O + O2,450,0,0,1350000000000,0.69,1E-10
HO2 + OH <=> H2O + O2,500,0,0,1350000000000,0.69,1E-10
HO2 + OH <=> H2O + O2,550,0,0,1350000000000,0.69,1E-10
HO2 + OH <=> H2O + O2,600,0,0,1350000000000,0.69,1E-10
HO2 + OH <=> H2O + O2,650,0,0,1350000000000,0.69,1E-10
HO2 + OH <=> H2O + O2,700,0,0,1350000000000,0.69,1E-10
HO2 + OH <=> H2O + O2,750,0,0,1350000000000,0.69,1E-10
HO2 + OH <=> H2O + O2,800,0,0,1350000000000,0.69,1E-10
HO2 + OH <=> H2O + O2,850,0,0,1350000000000,0.69,1E-10
HO2 + OH <=> H2O + O2,900,0,0,1350000000000,0.69,1E-10
HO2 + OH <=> H2O + O2,950,0,0,1350000000000,0.69,1E-10
HO2 + OH <=> H2O + O2,1000,0,0,1350000000000,0.69,1E-10
HO2 + OH <=> H2O + O2,1050,0,0,1350000000000,0.69,1E-10
HO2 + OH <=> H2O + O2,1100,0,0,1350000000000,0.69,1E-10
HO2 + OH <=> H2O + O2,1150,0,0,1350000000000,0.69,1E-10
HO2 + OH <=> H2O + O2,1200,0,0,1350000000000,0.69,1E-10
HO2 + OH <=> H2O + O2,1250,0,0,1350000000000,0.69,1E-10
HO2 + OH <=> H2O + O2,1300,0,0,1350000000000,0.69,1E-10
HO2 + OH <=> H2O + O2,1350,0,0,1350000000000,0.69,1E-10
HO2 + OH <=> H2O + O2,1400,0,0,1350000000000,0.69,1E-10
HO2 + OH <=> H2O + O2,1450,0,0,1350000000000,0.69,1E-10
HO2 + OH <=> H2O + O2,1500,0,0,1350000000000,0.69,1E-10
HO2 + OH <=> H2O + O2,1550,0,0,1350000000000,0.69,1E-10
HO2 + OH <=> H2O + O2,1600,0,0,1350000000000,0.69,1E-10
HO2 + OH <=> H2O + O2,1650,0,0,1350000000000,0.69,1E-10
HO2 + OH <=> H2O + O2,1700,0,0,1350000000000,0.69,1E-10
HO2 + OH <=> H2O + O2,1750,0,0,1350000000000,0.69,1E-10
HO2 + OH <=> H2O + O2,1800,0,0,1350000000000,0.69,1E-10
HO2 + OH <=> H2O + O2,1850,0,0,1350000000000,0.69,1E-10
HO2 + OH <=> H2O + O2,1900,0,0,1350000000000,0.69,1E-10
HO2 + OH <=> H2O + O2,1950,0,0,1350000000000,0.69,1E-10
HO2 + OH <=> H2O + O2,2000,0,0,1350000000000,0.69,1E-10
HO2 + OH <=> H2O + O2,2050,0,0,1350000000000,0.69,1E-10
HO2 + OH <=> H2O + O2,2100,0,0,1350000000000,0.69,1E-10
HO2 + OH <=> H2O + O2,2150,0,0,1350000000000,0.69,1E-10
HO2 + OH <=> H2O + O2,2200,0,0,1350000000000,0.69,1E-10
HO2 + OH <=> H2O + O2,2250,0,0,1350000000000,0.69,1E-10
HO2 + OH <=> H2O + O2,2300,0,0,1350000000000,0.69,1E-10
HO2 + OH <=> H2O + O2,2350,0,0,1350000000000,0.69,1E-10
HO2 + OH <=> H2O + O2,2400,0,0,1350000000000,0.69,1E-10
HO2 + OH <=> H2O + O2,2450,0,0,1350000000000,0.69,1E-10
HO2 + OH <=> H2O + O2,2500,0,0,1350000000000,0.69,1E-10
2 HO2 <=> H2O2 + O2,298,0,0,2200000000000,0.224235851,1E-10
2 HO2 <=> H2O2 + O2,317,0,0,1920000000000,0.135102485,1E-10
2 HO2 <=> H2O2 + O2,330,0,0,1980000000000,0.11506933,1E-10
2 HO2 <=> H2O2 + O2,345,0,0,1450000000000,0.048790164,1E-10
2 HO2 <=> H2O2 + O2,358,0,0,1640000000000,0.14359092,1E-10
2 HO2 <=> H2O2 + O2,380,0,0,1140000000000,0.173510927,1E-10
2 HO2 <=> H2O2 + O2,407,0,0,1150000000000,0.060932551,1E-10
2 HO2 <=> H2O2 + O2,425,0,0,1110000000000,0.383486201,1E-10
2 HO2 <=> H2O2 + O2,455,0,0,1220000000000,0.137832475,1E-10
2 HO2 <=> H2O2 + O2,510,0,0,650000000000,0.259511195,1E-10
2 HO2 <=> H2O2 + O2,298,0,0,2000000000000,0.262364264,0.0001
2 HO2 <=> H2O2 + O2,418,0,0,900000000000,0.262364264,0.0001
2 HO2 <=> H2O2 + O2,577,0,0,527000000000,0.262364264,0.0001
2 HO2 <=> H2O2 + O2,623,0,0,490000000000,0.262364264,0.0001
2 HO2 <=> H2O2 + O2,677,0,0,495000000000,0.262364264,0.0001
2 HO2 <=> H2O2 + O2,723,0,0,457000000000,0.262364264,0.0001
2 HO2 <=> H2O2 + O2,777,0,0,542000000000,0.262364264,0.0001
2 HO2 <=> H2O2 + O2,786.6025848,0,0,447000000000,0.693147181,0.0001
2 HO2 <=> H2O2 + O2,794.4641736,0,0,562000000000,0.693147181,0.0001
2 HO2 <=> H2O2 + O2,806.8713161,0,0,576000000000,0.693147181,0.0001
2 HO2 <=> H2O2 + O2,806.8713161,0,0,752000000000,0.693147181,0.0001
2 HO2 <=> H2O2 + O2,802.485136,0,0,740000000000,0.693147181,0.0001
2 HO2 <=> H2O2 + O2,826.2257265,0,0,574000000000,0.693147181,0.0001
2 HO2 <=> H2O2 + O2,841.0202585,0,0,571000000000,0.693147181,0.0001
2 HO2 <=> H2O2 + O2,841.0202585,0,0,594000000000,0.693147181,0.0001
2 HO2 <=> H2O2 + O2,840.3361345,0,0,818000000000,0.693147181,0.0001
2 HO2 <=> H2O2 + O2,877.4415909,0,0,763000000000,0.693147181,0.0001
2 HO2 <=> H2O2 + O2,877.4415909,0,0,839000000000,0.693147181,0.0001
2 HO2 <=> H2O2 + O2,917.1594106,0,0,666000000000,0.693147181,0.0001
2 HO2 <=> H2O2 + O2,913.1077531,0,0,960000000000,0.693147181,0.0001
2 HO2 <=> H2O2 + O2,898.810963,0,0,1170000000000,0.693147181,0.0001
2 HO2 <=> H2O2 + O2,930.3718976,0,0,990000000000,0.693147181,0.0001
2 HO2 <=> H2O2 + O2,943.1088451,0,0,660000000000,0.693147181,0.0001
2 HO2 <=> H2O2 + O2,979.7725948,0,0,932000000000,0.693147181,0.0001
2 HO2 <=> H2O2 + O2,979.7725948,0,0,1260000000000,0.693147181,0.0001
2 HO2 <=> H2O2 + O2,980.7027127,0,0,1280000000000,0.693147181,0.0001
2 HO2 <=> H2O2 + O2,990.0990099,0,0,1280000000000,0.693147181,0.0001
2 HO2 <=> H2O2 + O2,969.6593587,0,0,1370000000000,0.693147181,0.0001
2 HO2 <=> H2O2 + O2,1037.831016,0,0,1280000000000,0.693147181,0.0001
2 HO2 <=> H2O2 + O2,1042.017262,0,0,1870000000000,0.693147181,0.0001
2 HO2 <=> H2O2 + O2,1027.510568,0,0,1970000000000,0.693147181,0.0001
2 HO2 <=> H2O2 + O2,1073.407091,0,0,1480000000000,0.693147181,0.0001
2 HO2 <=> H2O2 + O2,1086.956522,0,0,2690000000000,0.693147181,0.0001
2 HO2 <=> H2O2 + O2,959.7527677,0,0,990000000000,0.693147181,0.0001
2 HO2 <=> H2O2 + O2,966.9365709,0,0,1130000000000,0.693147181,0.0001
2 HO2 <=> H2O2 + O2,979.7725948,0,0,946000000000,0.693147181,0.0001
2 HO2 <=> H2O2 + O2,998.711662,0,0,990000000000,0.693147181,0.0001
2 HO2 <=> H2O2 + O2,991.9995238,0,0,1090000000000,0.693147181,0.0001
2 HO2 <=> H2O2 + O2,1028.533579,0,0,1300000000000,0.693147181,0.0001
2 HO2 <=> H2O2 + O2,1032.645007,0,0,1500000000000,0.693147181,0.0001
2 HO2 <=> H2O2 + O2,1050.491893,0,0,1300000000000,0.693147181,0.0001
2 HO2 <=> H2O2 + O2,1006.493899,0,0,1600000000000,0.693147181,0.0001
2 HO2 <=> H2O2 + O2,1012.410123,0,0,1800000000000,0.693147181,0.0001
2 HO2 <=> H2O2 + O2,1005.51424,0,0,1800000000000,0.693147181,0.0001
2 HO2 <=> H2O2 + O2,1020.408163,0,0,2000000000000,0.693147181,0.0001
2 HO2 <=> H2O2 + O2,1056.938324,0,0,1790000000000,0.693147181,0.0001
2 HO2 <=> H2O2 + O2,1053.705249,0,0,1990000000000,0.693147181,0.0001
2 HO2 <=> H2O2 + O2,1093.859728,0,0,2500000000000,0.693147181,0.0001
2 HO2 <=> H2O2 + O2,1119.942229,0,0,2510000000000,0.693147181,0.0001
2 HO2 <=> H2O2 + O2,1129.737597,0,0,3020000000000,0.693147181,0.0001
2 HO2 <=> H2O2 + O2,954,0,0,740000000000,2.302585093,1E-10
2 HO2 <=> H2O2 + O2,967,0,0,780000000000,2.302585093,1E-10
2 HO2 <=> H2O2 + O2,968,0,0,780000000000,2.302585093,1E-10
2 HO2 <=> H2O2 + O2,1015,0,0,940000000000,2.302585093,1E-10
2 HO2 <=> H2O2 + O2,1024,0,0,830000000000,2.302585093,1E-10
2 HO2 <=> H2O2 + O2,1065,0,0,970000000000,2.302585093,1E-10
2 HO2 <=> H2O2 + O2,1079,0,0,930000000000,2.302585093,1E-10
2 HO2 <=> H2O2 + O2,1099,0,0,910000000000,2.302585093,1E-10
2 HO2 <=> H2O2 + O2,1132,0,0,1140000000000,2.302585093,1E-10
2 HO2 <=> H2O2 + O2,1138,0,0,1050000000000,2.302585093,1E-10
2 HO2 <=> H2O2 + O2,1194,0,0,980000000000,2.302585093,1E-10
2 HO2 <=> H2O2 + O2,1218,0,0,1550000000000,2.302585093,1E-10
2 HO2 <=> H2O2 + O2,1240,0,0,1500000000000,2.302585093,1E-10
2 HO2 <=> H2O2 + O2,2000,0,0,1500000000000,0.2390169,1E-10
2 HO2 <=> H2O2 + O2,2500,0,0,1500000000000,0.2390169,1E-10
2 HO2 <=> H2O2 + O2,200,0,0,1350000000000,0.69,1E-10
2 HO2 <=> H2O2 + O2,250,0,0,1350000000000,0.69,1E-10
2 HO2 <=> H2O2 + O2,300,0,0,1350000000000,0.69,1E-10
2 HO2 <=> H2O2 + O2,350,0,0,1350000000000,0.69,1E-10
2 HO2 <=> H2O2 + O2,400,0,0,1350000000000,0.69,1E-10
2 HO2 <=> H2O2 + O2,450,0,0,1350000000000,0.69,1E-10
2 HO2 <=> H2O2 + O2,500,0,0,1350000000000,0.69,1E-10
2 HO2 <=> H2O2 + O2,550,0,0,1350000000000,0.69,1E-10
2 HO2 <=> H2O2 + O2,600,0,0,1350000000000,0.69,1E-10
2 HO2 <=> H2O2 + O2,650,0,0,1350000000000,0.69,1E-10
2 HO2 <=> H2O2 + O2,700,0,0,1350000000000,0.69,1E-10
2 HO2 <=> H2O2 + O2,750,0,0,1350000000000,0.69,1E-10
2 HO2 <=> H2O2 + O2,800,0,0,1350000000000,0.69,1E-10
2 HO2 <=> H2O2 + O2,850,0,0,1350000000000,0.69,1E-10
2 HO2 <=> H2O2 + O2,900,0,0,1350000000000,0.69,1E-10
2 HO2 <=> H2O2 + O2,950,0,0,1350000000000,0.69,1E-10
2 HO2 <=> H2O2 + O2,1000,0,0,1350000000000,0.69,1E-10
2 HO2 <=> H2O2 + O2,1050,0,0,1350000000000,0.69,1E-10
2 HO2 <=> H2O2 + O2,1100,0,0,1350000000000,0.69,1E-10
2 HO2 <=> H2O2 + O2,1150,0,0,1350000000000,0.69,1E-10
2 HO2 <=> H2O2 + O2,1200,0,0,1350000000000,0.69,1E-10
2 HO2 <=> H2O2 + O2,1250,0,0,1350000000000,0.69,1E-10
2 HO2 <=> H2O2 + O2,1300,0,0,1350000000000,0.69,1E-10
2 HO2 <=> H2O2 + O2,1350,0,0,1350000000000,0.69,1E-10
2 HO2 <=> H2O2 + O2,1400,0,0,1350000000000,0.69,1E-10
2 HO2 <=> H2O2 + O2,1450,0,0,1350000000000,0.69,1E-10
2 HO2 <=> H2O2 + O2,1500,0,0,1350000000000,0.69,1E-10
2 HO2 <=> H2O2 + O2,1550,0,0,1350000000000,0.69,1E-10
2 HO2 <=> H2O2 + O2,1600,0,0,1350000000000,0.69,1E-10
2 HO2 <=> H2O2 + O2,1650,0,0,1350000000000,0.69,1E-10
2 HO2 <=> H2O2 + O2,1700,0,0,1350000000000,0.69,1E-10
2 HO2 <=> H2O2 + O2,1750,0,0,1350000000000,0.69,1E-10
2 HO2 <=> H2O2 + O2,1800,0,0,1350000000000,0.69,1E-10
2 HO2 <=> H2O2 + O2,1850,0,0,1350000000000,0.69,1E-10
2 HO2 <=> H2O2 + O2,1900,0,0,1350000000000,0.69,1E-10
2 HO2 <=> H2O2 + O2,1950,0,0,1350000000000,0.69,1E-10
2 HO2 <=> H2O2 + O2,2000,0,0,1350000000000,0.69,1E-10
2 HO2 <=> H2O2 + O2,2050,0,0,1350000000000,0.69,1E-10
2 HO2 <=> H2O2 + O2,2100,0,0,1350000000000,0.69,1E-10
2 HO2 <=> H2O2 + O2,2150,0,0,1350000000000,0.69,1E-10
2 HO2 <=> H2O2 + O2,2200,0,0,1350000000000,0.69,1E-10
2 HO2 <=> H2O2 + O2,2250,0,0,1350000000000,0.69,1E-10
2 HO2 <=> H2O2 + O2,2300,0,0,1350000000000,0.69,1E-10
2 HO2 <=> H2O2 + O2,2350,0,0,1350000000000,0.69,1E-10
2 HO2 <=> H2O2 + O2,2400,0,0,1350000000000,0.69,1E-10
2 HO2 <=> H2O2 + O2,2450,0,0,1350000000000,0.69,1E-10
2 HO2 <=> H2O2 + O2,2500,0,0,1350000000000,0.69,1E-10
H2O2 + OH <=> H2O + HO2,1221,1.921,0,5500000000000,0.157003749,1E-10
H2O2 + OH <=> H2O + HO2,1192,1.949,0,5100000000000,0.157003749,1E-10
H2O2 + OH <=> H2O + HO2,1160,2.008,0,4700000000000,0.157003749,1E-10
H2O2 + OH <=> H2O + HO2,1133,2.07,0,4400000000000,0.157003749,1E-10
H2O2 + OH <=> H2O + HO2,1106,2.126,0,4000000000000,0.157003749,1E-10
H2O2 + OH <=> H2O + HO2,1045,2.066,0,4200000000000,0.157003749,1E-10
H2O2 + OH <=> H2O + HO2,1039,2.192,0,4000000000000,0.157003749,1E-10
H2O2 + OH <=> H2O + HO2,1020,2.192,0,3600000000000,0.157003749,1E-10
H2O2 + OH <=> H2O + HO2,1089,2.239,0,4200000000000,0.157003749,1E-10
H2O2 + OH <=> H2O + HO2,1277,2.031,0,6000000000000,0.157003749,1E-10
H2O2 + OH <=> H2O + HO2,1052,1.966,0,3800000000000,0.157003749,1E-10
H2O2 + OH <=> H2O + HO2,1100,1.947,0,4000000000000,0.157003749,1E-10
H2O2 + OH <=> H2O + HO2,1128,1.884,0,4300000000000,0.157003749,1E-10
H2O2 + OH <=> H2O + HO2,1176,1.81,0,4700000000000,0.157003749,1E-10
H2O2 + OH <=> H2O + HO2,1233,1.746,0,5200000000000,0.157003749,1E-10
H2O2 + OH <=> H2O + HO2,1344,1.974,0,6800000000000,0.157003749,1E-10
H2O2 + OH <=> H2O + HO2,1277,2.02,0,6200000000000,0.157003749,1E-10
H2O2 + OH <=> H2O + HO2,1317,2.011,0,6500000000000,0.157003749,1E-10
H2O2 + OH <=> H2O + HO2,1374,1.945,0,7900000000000,0.157003749,1E-10
H2O2 + OH <=> H2O + HO2,1398,1.909,0,6800000000000,0.157003749,1E-10
H2O2 + OH <=> H2O + HO2,1424,1.868,0,6500000000000,0.157003749,1E-10
H2O2 + OH <=> H2O + HO2,1461,1.834,0,8200000000000,0.157003749,1E-10
H2O2 + OH <=> H2O + HO2,1134,1.874,0,4500000000000,0.157003749,1E-10
H2O2 + OH <=> H2O + HO2,1430,1.039,0,7400000000000,0.157003749,1E-10
H2O2 + OH <=> H2O + HO2,1313,1.057,0,6500000000000,0.157003749,1E-10
H2O2 + OH <=> H2O + HO2,1249,1.113,0,5100000000000,0.157003749,1E-10
H2O2 + OH <=> H2O + HO2,1190,1.152,0,4700000000000,0.157003749,1E-10
H2O2 + OH <=> H2O + HO2,1147,1.224,0,4300000000000,0.157003749,1E-10
H2O2 + OH <=> H2O + HO2,298,0,0,1090000000000,0.693147181,0.40824829
H2O2 + OH <=> H2O + HO2,423,0.001973684,0,1280000000000,0.693147181,0.40824829
H2O2 + OH <=> H2O + HO2,371,0.001315789,0,1180000000000,0.693147181,0.40824829
H2O2 + OH <=> H2O + HO2,335,0.001315789,0,1120000000000,0.693147181,0.40824829
H2O2 + OH <=> H2O + HO2,273,0.001315789,0,1130000000000,0.693147181,0.40824829
H2O2 + OH <=> H2O + HO2,245,0.001315789,0,1090000000000,0.693147181,0.40824829
H2O2 + OH <=> H2O + HO2,250,0,0,970000000000,0.693147181,0.333333333
H2O2 + OH <=> H2O + HO2,250,0,0,988000000000,0.693147181,0.333333333
H2O2 + OH <=> H2O + HO2,295,0,0,1020000000000,0.693147181,0.333333333
H2O2 + OH <=> H2O + HO2,312,0,0,1040000000000,0.693147181,0.333333333
H2O2 + OH <=> H2O + HO2,340,0,0,1110000000000,0.693147181,0.333333333
H2O2 + OH <=> H2O + HO2,394,0,0,1160000000000,0.693147181,0.333333333
H2O2 + OH <=> H2O + HO2,422,0,0,1220000000000,0.693147181,0.333333333
H2O2 + OH <=> H2O + HO2,454,0,0,1280000000000,0.693147181,0.333333333
H2O2 + OH <=> H2O + HO2,459,0,0,1350000000000,0.693147181,0.333333333
H2O2 + OH <=> H2O + HO2,241,0,0,1250000000000,0.693147181,1E-10
H2O2 + OH <=> H2O + HO2,251,0,0,1160000000000,0.693147181,1E-10
H2O2 + OH <=> H2O + HO2,294,0,0,1080000000000,0.693147181,1E-10
H2O2 + OH <=> H2O + HO2,333,0,0,1040000000000,0.693147181,1E-10
H2O2 + OH <=> H2O + HO2,365,0,0,1070000000000,0.693147181,1E-10
H2O2 + OH <=> H2O + HO2,413,0,0,1110000000000,0.693147181,1E-10
H2O2 + OH <=> H2O + HO2,296,0,0,1070000000000,0.693147181,1E-10
H2O2 + OH <=> H2O + HO2,500,0,0,1220000000000,0.2390169,1E-10
H2O2 + OH <=> H2O + HO2,550,0,0,1220000000000,0.2390169,1E-10
H2O2 + OH <=> H2O + HO2,900,0,0,4300000000000,0.2390169,1E-10
H2O2 + OH <=> H2O + HO2,1000,0,0,4300000000000,0.2390169,1E-10
H2O2 + OH <=> H2O + HO2,1500,0,0,4300000000000,0.2390169,1E-10
H2O2 + OH <=> H2O + HO2,2000,0,0,4300000000000,0.2390169,1E-10
H2O2 + OH <=> H2O + HO2,2500,0,0,4300000000000,0.2390169,1E-10
H2O2 + OH <=> H2O + HO2,200,0,0,1350000000000,0.69,1E-10
H2O2 + OH <=> H2O + HO2,250,0,0,1350000000000,0.69,1E-10
H2O2 + OH <=> H2O + HO2,300,0,0,1350000000000,0.69,1E-10
H2O2 + OH <=> H2O + HO2,350,0,0,1350000000000,0.69,1E-10
H2O2 + OH <=> H2O + HO2,400,0,0,1350000000000,0.69,1E-10
H2O2 + OH <=> H2O + HO2,450,0,0,1350000000000,0.69,1E-10
H2O2 + OH <=> H2O + HO2,500,0,0,1350000000000,0.69,1E-10
H2O2 + OH <=> H2O + HO2,550,0,0,1350000000000,0.69,1E-10
H2O2 + OH <=> H2O + HO2,600,0,0,1350000000000,0.69,1E-10
H2O2 + OH <=> H2O + HO2,650,0,0,1350000000000,0.69,1E-10
H2O2 + OH <=> H2O + HO2,700,0,0,1350000000000,0.69,1E-10
H2O2 + OH <=> H2O + HO2,750,0,0,1350000000000,0.69,1E-10
H2O2 + OH <=> H2O + HO2,800,0,0,1350000000000,0.69,1E-10
H2O2 + OH <=> H2O + HO2,850,0,0,1350000000000,0.69,1E-10
H2O2 + OH <=> H2O + HO2,900,0,0,1350000000000,0.69,1E-10
H2O2 + OH <=> H2O + HO2,950,0,0,1350000000000,0.69,1E-10
H2O2 + OH <=> H2O + HO2,1000,0,0,1350000000000,0.69,1E-10
H2O2 + OH <=> H2O + HO2,1050,0,0,1350000000000,0.69,1E-10
H2O2 + OH <=> H2O + HO2,1100,0,0,1350000000000,0.69,1E-10
H2O2 + OH <=> H2O + HO2,1150,0,0,1350000000000,0.69,1E-10
H2O2 + OH <=> H2O + HO2,1200,0,0,1350000000000,0.69,1E-10
H2O2 + OH <=> H2O + HO2,1250,0,0,1350000000000,0.69,1E-10
H2O2 + OH <=> H2O + HO2,1300,0,0,1350000000000,0.69,1E-10
H2O2 + OH <=> H2O + HO2,1350,0,0,1350000000000,0.69,1E-10
H2O2 + OH <=> H2O + HO2,1400,0,0,1350000000000,0.69,1E-10
H2O2 + OH <=> H2O + HO2,1450,0,0,1350000000000,0.69,1E-10
H2O2 + OH <=> H2O + HO2,1500,0,0,1350000000000,0.69,1E-10
H2O2 + OH <=> H2O + HO2,1550,0,0,1350000000000,0.69,1E-10
H2O2 + OH <=> H2O + HO2,1600,0,0,1350000000000,0.69,1E-10
H2O2 + OH <=> H2O + HO2,1650,0,0,1350000000000,0.69,1E-10
H2O2 + OH <=> H2O + HO2,1700,0,0,1350000000000,0.69,1E-10
H2O2 + OH <=> H2O + HO2,1750,0,0,1350000000000,0.69,1E-10
H2O2 + OH <=> H2O + HO2,1800,0,0,1350000000000,0.69,1E-10
H2O2 + OH <=> H2O + HO2,1850,0,0,1350000000000,0.69,1E-10
H2O2 + OH <=> H2O + HO2,1900,0,0,1350000000000,0.69,1E-10
H2O2 + OH <=> H2O + HO2,1950,0,0,1350000000000,0.69,1E-10
H2O2 + OH <=> H2O + HO2,2000,0,0,1350000000000,0.69,1E-10
H2O2 + OH <=> H2O + HO2,2050,0,0,1350000000000,0.69,1E-10
H2O2 + OH <=> H2O + HO2,2100,0,0,1350000000000,0.69,1E-10
H2O2 + OH <=> H2O + HO2,2150,0,0,1350000000000,0.69,1E-10
H2O2 + OH <=> H2O + HO2,2200,0,0,1350000000000,0.69,1E-10
H2O2 + OH <=> H2O + HO2,2250,0,0,1350000000000,0.69,1E-10
H2O2 + OH <=> H2O + HO2,2300,0,0,1350000000000,0.69,1E-10
H2O2 + OH <=> H2O + HO2,2350,0,0,1350000000000,0.69,1E-10
H2O2 + OH <=> H2O + HO2,2400,0,0,1350000000000,0.69,1E-10
H2O2 + OH <=> H2O + HO2,2450,0,0,1350000000000,0.69,1E-10
H2O2 + OH <=> H2O + HO2,2500,0,0,1350000000000,0.69,1E-10
CH3 + HO2 <=> CH3O + OH,1051.585,0,0,5900000000000,0.2390169,1E-10
CH3 + HO2 <=> CH3O + OH,1057.6368,0,0,7230000000000,0.2390169,1E-10
CH3 + HO2 <=> CH3O + OH,1068.0115,0,0,7020000000000,0.2390169,1E-10
CH3 + HO2 <=> CH3O + OH,1074.0634,0,0,5100000000000,0.2390169,1E-10
CH3 + HO2 <=> CH3O + OH,1100.8645,0,0,4950000000000,0.2390169,1E-10
CH3 + HO2 <=> CH3O + OH,1093.0836,0,0,7160000000000,0.2390169,1E-10
CH3 + HO2 <=> CH3O + OH,1083.5735,0,0,8360000000000,0.2390169,1E-10
CH3 + HO2 <=> CH3O + OH,1119.0201,0,0,8860000000000,0.2390169,1E-10
CH3 + HO2 <=> CH3O + OH,1138.0404,0,0,9210000000000,0.2390169,1E-10
CH3 + HO2 <=> CH3O + OH,1124.2075,0,0,6950000000000,0.2390169,1E-10
CH3 + HO2 <=> CH3O + OH,1132.853,0,0,4900000000000,0.2390169,1E-10
CH3 + HO2 <=> CH3O + OH,1153.6023,0,0,4900000000000,0.2390169,1E-10
CH3 + HO2 <=> CH3O + OH,1145.8213,0,0,6250000000000,0.2390169,1E-10
CH3 + HO2 <=> CH3O + OH,1163.9769,0,0,6130000000000,0.2390169,1E-10
CH3 + HO2 <=> CH3O + OH,1134.5822,0,0,6070000000000,0.2390169,1E-10
CH3 + HO2 <=> CH3O + OH,1197.6946,0,0,8120000000000,0.2390169,1E-10
CH3 + HO2 <=> CH3O + OH,1213.2565,0,0,8040000000000,0.2390169,1E-10
CH3 + HO2 <=> CH3O + OH,1246.9741,0,0,9210000000000,0.2390169,1E-10
CH3 + HO2 <=> CH3O + OH,800,0,0,9210000000000,0.2390169,1E-10
CH3 + HO2 <=> CH3O + OH,900,0,0,9210000000000,0.2390169,1E-10
CH3 + HO2 <=> CH3O + OH,1200,0,0,9210000000000,0.2390169,1E-10
CH3 + HO2 <=> CH3O + OH,750,0,0,9210000000000,0.2390169,1E-10
CH3 + HO2 <=> CH3O + OH,800,0,0,9210000000000,0.2390169,1E-10
CH3 + HO2 <=> CH3O + OH,500,0,0,9210000000000,0.2390169,1E-10
CH3 + HO2 <=> CH3O + OH,1500,0,0,9210000000000,0.2390169,1E-10
CH3 + HO2 <=> CH3O + OH,1700,0,0,9210000000000,0.2390169,1E-10
CH3 + HO2 <=> CH3O + OH,2250,0,0,9210000000000,0.2390169,1E-10
CH3 + HO2 <=> CH3O + OH,2300,0,0,9210000000000,0.2390169,1E-10
CH3 + HO2 <=> CH3O + OH,1600,0,0,9210000000000,0.2390169,1E-10
CH3 + HO2 <=> CH3O + OH,2500,0,0,9210000000000,0.2390169,1E-10
CH3 + HO2 <=> CH3O + OH,200,0,0,1350000000000,0.69,1E-10
CH3 + HO2 <=> CH3O + OH,250,0,0,1350000000000,0.69,1E-10
CH3 + HO2 <=> CH3O + OH,300,0,0,1350000000000,0.69,1E-10
CH3 + HO2 <=> CH3O + OH,350,0,0,1350000000000,0.69,1E-10
CH3 + HO2 <=> CH3O + OH,400,0,0,1350000000000,0.69,1E-10
CH3 + HO2 <=> CH3O + OH,450,0,0,1350000000000,0.69,1E-10
CH3 + HO2 <=> CH3O + OH,500,0,0,1350000000000,0.69,1E-10
CH3 + HO2 <=> CH3O + OH,550,0,0,1350000000000,0.69,1E-10
CH3 + HO2 <=> CH3O + OH,600,0,0,1350000000000,0.69,1E-10
CH3 + HO2 <=> CH3O + OH,650,0,0,1350000000000,0.69,1E-10
CH3 + HO2 <=> CH3O + OH,700,0,0,1350000000000,0.69,1E-10
CH3 + HO2 <=> CH3O + OH,750,0,0,1350000000000,0.69,1E-10
CH3 + HO2 <=> CH3O + OH,800,0,0,1350000000000,0.69,1E-10
CH3 + HO2 <=> CH3O + OH,850,0,0,1350000000000,0.69,1E-10
CH3 + HO2 <=> CH3O + OH,900,0,0,1350000000000,0.69,1E-10
CH3 + HO2 <=> CH3O + OH,950,0,0,1350000000000,0.69,1E-10
CH3 + HO2 <=> CH3O + OH,1000,0,0,1350000000000,0.69,1E-10
CH3 + HO2 <=> CH3O + OH,1050,0,0,1350000000000,0.69,1E-10
CH3 + HO2 <=> CH3O + OH,1100,0,0,1350000000000,0.69,1E-10
CH3 + HO2 <=> CH3O + OH,1150,0,0,1350000000000,0.69,1E-10
CH3 + HO2 <=> CH3O + OH,1200,0,0,1350000000000,0.69,1E-10
CH3 + HO2 <=> CH3O + OH,1250,0,0,1350000000000,0.69,1E-10
CH3 + HO2 <=> CH3O + OH,1300,0,0,1350000000000,0.69,1E-10
CH3 + HO2 <=> CH3O + OH,1350,0,0,1350000000000,0.69,1E-10
CH3 + HO2 <=> CH3O + OH,1400,0,0,1350000000000,0.69,1E-10
CH3 + HO2 <=> CH3O + OH,1450,0,0,1350000000000,0.69,1E-10
CH3 + HO2 <=> CH3O + OH,1500,0,0,1350000000000,0.69,1E-10
CH3 + HO2 <=> CH3O + OH,1550,0,0,1350000000000,0.69,1E-10
CH3 + HO2 <=> CH3O + OH,1600,0,0,1350000000000,0.69,1E-10
CH3 + HO2 <=> CH3O + OH,1650,0,0,1350000000000,0.69,1E-10
CH3 + HO2 <=> CH3O + OH,1700,0,0,1350000000000,0.69,1E-10
CH3 + HO2 <=> CH3O + OH,1750,0,0,1350000000000,0.69,1E-10
CH3 + HO2 <=> CH3O + OH,1800,0,0,1350000000000,0.69,1E-10
CH3 + HO2 <=> CH3O + OH,1850,0,0,1350000000000,0.69,1E-10
CH3 + HO2 <=> CH3O + OH,1900,0,0,1350000000000,0.69,1E-10
CH3 + HO2 <=> CH3O + OH,1950,0,0,1350000000000,0.69,1E-10
CH3 + HO2 <=> CH3O + OH,2000,0,0,1350000000000,0.69,1E-10
CH3 + HO2 <=> CH3O + OH,2050,0,0,1350000000000,0.69,1E-10
CH3 + HO2 <=> CH3O + OH,2100,0,0,1350000000000,0.69,1E-10
CH3 + HO2 <=> CH3O + OH,2150,0,0,1350000000000,0.69,1E-10
CH3 + HO2 <=> CH3O + OH,2200,0,0,1350000000000,0.69,1E-10
CH3 + HO2 <=> CH3O + OH,2250,0,0,1350000000000,0.69,1E-10
CH3 + HO2 <=> CH3O + OH,2300,0,0,1350000000000,0.69,1E-10
CH3 + HO2 <=> CH3O + OH,2350,0,0,1350000000000,0.69,1E-10
CH3 + HO2 <=> CH3O + OH,2400,0,0,1350000000000,0.69,1E-10
CH3 + HO2 <=> CH3O + OH,2450,0,0,1350000000000,0.69,1E-10
CH3 + HO2 <=> CH3O + OH,2500,0,0,1350000000000,0.69,1E-10
CH3 + HO2 <=> CH4 + O2,1780.0144,0,0,1700000000000,1.609437912,0.25
CH3 + HO2 <=> CH4 + O2,1825.7369,0,0,2110000000000,1.609437912,0.25
CH3 + HO2 <=> CH4 + O2,1769.6621,0,0,2470000000000,1.609437912,0.25
CH3 + HO2 <=> CH4 + O2,1786.0532,0,0,2590000000000,1.609437912,0.25
CH3 + HO2 <=> CH4 + O2,1789.5039,0,0,3060000000000,1.609437912,0.25
CH3 + HO2 <=> CH4 + O2,1794.68,0,0,3550000000000,1.609437912,0.25
CH3 + HO2 <=> CH4 + O2,1754.9965,0,0,4360000000000,1.609437912,0.25
CH3 + HO2 <=> CH4 + O2,1735.1545,0,0,5800000000000,1.609437912,0.25
CH3 + HO2 <=> CH4 + O2,1749.8203,0,0,5800000000000,1.609437912,0.25
CH3 + HO2 <=> CH4 + O2,1728.253,0,0,4490000000000,1.609437912,0.25
CH3 + HO2 <=> CH4 + O2,1713.5874,0,0,4580000000000,1.609437912,0.25
CH3 + HO2 <=> CH4 + O2,1699.7843,0,0,5000000000000,1.609437912,0.25
CH3 + HO2 <=> CH4 + O2,1696.3336,0,0,4020000000000,1.609437912,0.25
CH3 + HO2 <=> CH4 + O2,1702.3724,0,0,7410000000000,1.609437912,0.25
CH3 + HO2 <=> CH4 + O2,1731.7039,0,0,7860000000000,1.609437912,0.25
CH3 + HO2 <=> CH4 + O2,1654.0618,0,0,7270000000000,1.609437912,0.25
CH3 + HO2 <=> CH4 + O2,1055.227,0,0,5240000000000,0.2390169,1E-10
CH3 + HO2 <=> CH4 + O2,1055.227,0,0,4100000000000,0.2390169,1E-10
CH3 + HO2 <=> CH4 + O2,1075.1262,0,0,4990000000000,0.2390169,1E-10
CH3 + HO2 <=> CH4 + O2,1071.6654,0,0,4060000000000,0.2390169,1E-10
CH3 + HO2 <=> CH4 + O2,1092.4297,0,0,3900000000000,0.2390169,1E-10
CH3 + HO2 <=> CH4 + O2,1102.8118,0,0,3060000000000,0.2390169,1E-10
CH3 + HO2 <=> CH4 + O2,1117.5198,0,0,3980000000000,0.2390169,1E-10
CH3 + HO2 <=> CH4 + O2,1131.3627,0,0,4940000000000,0.2390169,1E-10
CH3 + HO2 <=> CH4 + O2,1149.5314,0,0,4990000000000,0.2390169,1E-10
CH3 + HO2 <=> CH4 + O2,1158.1831,0,0,5040000000000,0.2390169,1E-10
CH3 + HO2 <=> CH4 + O2,1195.3857,0,0,5040000000000,0.2390169,1E-10
CH3 + HO2 <=> CH4 + O2,1211.8241,0,0,5040000000000,0.2390169,1E-10
CH3 + HO2 <=> CH4 + O2,1249.8918,0,0,4020000000000,0.2390169,1E-10
CH3 + HO2 <=> CH4 + O2,500,0,0,4020000000000,0.2390169,1E-10
CH3 + HO2 <=> CH4 + O2,600,0,0,4020000000000,0.2390169,1E-10
CH3 + HO2 <=> CH4 + O2,700,0,0,4020000000000,0.2390169,1E-10
CH3 + HO2 <=> CH4 + O2,800,0,0,4020000000000,0.2390169,1E-10
CH3 + HO2 <=> CH4 + O2,900,0,0,4020000000000,0.2390169,1E-10
CH3 + HO2 <=> CH4 + O2,2250,0,0,4020000000000,0.2390169,1E-10
CH3 + HO2 <=> CH4 + O2,2500,0,0,4020000000000,0.2390169,1E-10
CH3 + HO2 <=> CH4 + O2,1000,0,0,4020000000000,0.2390169,1E-10
CH3 + HO2 <=> CH4 + O2,200,0,0,1350000000000,0.69,1E-10
CH3 + HO2 <=> CH4 + O2,250,0,0,1350000000000,0.69,1E-10
CH3 + HO2 <=> CH4 + O2,300,0,0,1350000000000,0.69,1E-10
CH3 + HO2 <=> CH4 + O2,350,0,0,1350000000000,0.69,1E-10
CH3 + HO2 <=> CH4 + O2,400,0,0,1350000000000,0.69,1E-10
CH3 + HO2 <=> CH4 + O2,450,0,0,1350000000000,0.69,1E-10
CH3 + HO2 <=> CH4 + O2,500,0,0,1350000000000,0.69,1E-10
CH3 + HO2 <=> CH4 + O2,550,0,0,1350000000000,0.69,1E-10
CH3 + HO2 <=> CH4 + O2,600,0,0,1350000000000,0.69,1E-10
CH3 + HO2 <=> CH4 + O2,650,0,0,1350000000000,0.69,1E-10
CH3 + HO2 <=> CH4 + O2,700,0,0,1350000000000,0.69,1E-10
CH3 + HO2 <=> CH4 + O2,750,0,0,1350000000000,0.69,1E-10
CH3 + HO2 <=> CH4 + O2,800,0,0,1350000000000,0.69,1E-10
CH3 + HO2 <=> CH4 + O2,850,0,0,1350000000000,0.69,1E-10
CH3 + HO2 <=> CH4 + O2,900,0,0,1350000000000,0.69,1E-10
CH3 + HO2 <=> CH4 + O2,950,0,0,1350000000000,0.69,1E-10
CH3 + HO2 <=> CH4 + O2,1000,0,0,1350000000000,0.69,1E-10
CH3 + HO2 <=> CH4 + O2,1050,0,0,1350000000000,0.69,1E-10
CH3 + HO2 <=> CH4 + O2,1100,0,0,1350000000000,0.69,1E-10
CH3 + HO2 <=> CH4 + O2,1150,0,0,1350000000000,0.69,1E-10
CH3 + HO2 <=> CH4 + O2,1200,0,0,1350000000000,0.69,1E-10
CH3 + HO2 <=> CH4 + O2,1250,0,0,1350000000000,0.69,1E-10
CH3 + HO2 <=> CH4 + O2,1300,0,0,1350000000000,0.69,1E-10
CH3 + HO2 <=> CH4 + O2,1350,0,0,1350000000000,0.69,1E-10
CH3 + HO2 <=> CH4 + O2,1400,0,0,1350000000000,0.69,1E-10
CH3 + HO2 <=> CH4 + O2,1450,0,0,1350000000000,0.69,1E-10
CH3 + HO2 <=> CH4 + O2,1500,0,0,1350000000000,0.69,1E-10
CH3 + HO2 <=> CH4 + O2,1550,0,0,1350000000000,0.69,1E-10
CH3 + HO2 <=> CH4 + O2,1600,0,0,1350000000000,0.69,1E-10
CH3 + HO2 <=> CH4 + O2,1650,0,0,1350000000000,0.69,1E-10
CH3 + HO2 <=> CH4 + O2,1700,0,0,1350000000000,0.69,1E-10
CH3 + HO2 <=> CH4 + O2,1750,0,0,1350000000000,0.69,1E-10
CH3 + HO2 <=> CH4 + O2,1800,0,0,1350000000000,0.69,1E-10
CH3 + HO2 <=> CH4 + O2,1850,0,0,1350000000000,0.69,1E-10
CH3 + HO2 <=> CH4 + O2,1900,0,0,1350000000000,0.69,1E-10
CH3 + HO2 <=> CH4 + O2,1950,0,0,1350000000000,0.69,1E-10
CH3 + HO2 <=> CH4 + O2,2000,0,0,1350000000000,0.69,1E-10
CH3 + HO2 <=> CH4 + O2,2050,0,0,1350000000000,0.69,1E-10
CH3 + HO2 <=> CH4 + O2,2100,0,0,1350000000000,0.69,1E-10
CH3 + HO2 <=> CH4 + O2,2150,0,0,1350000000000,0.69,1E-10
CH3 + HO2 <=> CH4 + O2,2200,0,0,1350000000000,0.69,1E-10
CH3 + HO2 <=> CH4 + O2,2250,0,0,1350000000000,0.69,1E-10
CH3 + HO2 <=> CH4 + O2,2300,0,0,1350000000000,0.69,1E-10
CH3 + HO2 <=> CH4 + O2,2350,0,0,1350000000000,0.69,1E-10
CH3 + HO2 <=> CH4 + O2,2400,0,0,1350000000000,0.69,1E-10
CH3 + HO2 <=> CH4 + O2,2450,0,0,1350000000000,0.69,1E-10
CH3 + HO2 <=> CH4 + O2,2500,0,0,1350000000000,0.69,1E-10
CH4 + OH <=> CH3 + H2O,1449,0,0,3914300000000,0.693,1E-10
CH4 + OH <=> CH3 + H2O,1511,0,0,4576720000000,0.693,1E-10
CH4 + OH <=> CH3 + H2O,1553,0,0,3896230000000,0.693,1E-10
CH4 + OH <=> CH3 + H2O,1615,0,0,4799530000000,0.693,1E-10
CH4 + OH <=> CH3 + H2O,1578,0,0,4371970000000,0.693,1E-10
CH4 + OH <=> CH3 + H2O,1692,0,0,5510130000000,0.693,1E-10
CH4 + OH <=> CH3 + H2O,1467,0,0,3312100000000,0.693,1E-10
CH4 + OH <=> CH3 + H2O,1757,0,0,4516500000000,0.693,1E-10
CH4 + OH <=> CH3 + H2O,1358,0,0,2631610000000,0.693,1E-10
CH4 + OH <=> CH3 + H2O,1468,0,0,3251880000000,0.693,1E-10
CH4 + OH <=> CH3 + H2O,1359,0,0,3215750000000,0.693,1E-10
CH4 + OH <=> CH3 + H2O,1308,0,0,2956800000000,0.693,1E-10
CH4 + OH <=> CH3 + H2O,1493,0,0,4028720000000,0.693,1E-10
CH4 + OH <=> CH3 + H2O,1247,0,0,1921020000000,0.693,1E-10
CH4 + OH <=> CH3 + H2O,1392,0,0,3583090000000,0.693,1E-10
CH4 + OH <=> CH3 + H2O,1432,0,0,3998610000000,0.693,1E-10
CH4 + OH <=> CH3 + H2O,1618,0,0,3854080000000,0.693,1E-10
CH4 + OH <=> CH3 + H2O,1872,0,0,5660680000000,0.693,1E-10
CH4 + OH <=> CH3 + H2O,1815,0,0,7286620000000,0.693,1E-10
CH4 + OH <=> CH3 + H2O,1720,0,0,4636940000000,0.693,1E-10
CH4 + OH <=> CH3 + H2O,1902,0,0,5480020000000,0.693,1E-10
CH4 + OH <=> CH3 + H2O,1834,0,0,5480020000000,0.693,1E-10
CH4 + OH <=> CH3 + H2O,2025,0,0,7828600000000,0.693,1E-10
CH4 + OH <=> CH3 + H2O,1639,0,0,3914300000000,0.693,1E-10
CH4 + OH <=> CH3 + H2O,1071,0,0,903300000000,0.693,1E-10
CH4 + OH <=> CH3 + H2O,1142,0,0,1806600000000,0.693,1E-10
CH4 + OH <=> CH3 + H2O,1157,0,0,1505500000000,0.693,1E-10
CH4 + OH <=> CH3 + H2O,1235,0,0,2107700000000,0.693,1E-10
CH4 + OH <=> CH3 + H2O,1122,0,0,1385060000000,0.693,1E-10
CH4 + OH <=> CH3 + H2O,1031,0,0,722640000000,0.693,1E-10
CH4 + OH <=> CH3 + H2O,954,0,0,722640000000,0.693,1E-10
CH4 + OH <=> CH3 + H2O,920,0,0,662420000000,0.693,1E-10
CH4 + OH <=> CH3 + H2O,931,0,0,602200000000,0.693,1E-10
CH4 + OH <=> CH3 + H2O,1010,0,0,1083960000000,0.693,1E-10
CH4 + OH <=> CH3 + H2O,1697,0,0,5419800000000,0.693,1E-10
CH4 + OH <=> CH3 + H2O,1509,0,0,4636940000000,0.693,1E-10
CH4 + OH <=> CH3 + H2O,1500,0,0,3757730000000,0.693,1E-10
CH4 + OH <=> CH3 + H2O,1756,0,0,4998260000000,0.693,1E-10
CH4 + OH <=> CH3 + H2O,1736,0,0,4516500000000,0.693,1E-10
CH4 + OH <=> CH3 + H2O,1549,0,0,4215400000000,0.693,1E-10
CH4 + OH <=> CH3 + H2O,1734,0,0,4576720000000,0.693,1E-10
CH4 + OH <=> CH3 + H2O,1346,0,0,3408450000000,0.693,1E-10
CH4 + OH <=> CH3 + H2O,1499,0,0,4570700000000,0.693,1E-10
CH4 + OH <=> CH3 + H2O,1424,0,0,3504800000000,0.693,1E-10
CH4 + OH <=> CH3 + H2O,1321,0,0,2715920000000,0.693,1E-10
CH4 + OH <=> CH3 + H2O,1223,0,0,2089630000000,0.693,1E-10
CH4 + OH <=> CH3 + H2O,1308,0,0,2288360000000,0.693,1E-10
CH4 + OH <=> CH3 + H2O,1350,0,0,2920670000000,0.693,1E-10
CH4 + OH <=> CH3 + H2O,1791,0,0,5239140000000,0.693,1E-10
CH4 + OH <=> CH3 + H2O,1931,0,0,6624200000000,0.693,1E-10
CH4 + OH <=> CH3 + H2O,1964,0,0,7226400000000,0.693,1E-10
CH4 + OH <=> CH3 + H2O,1738,0,0,3613200000000,0.693,1E-10
CH4 + OH <=> CH3 + H2O,1851,0,0,4781470000000,0.693,1E-10
CH4 + OH <=> CH3 + H2O,1793,0,0,4516500000000,0.693,1E-10
CH4 + OH <=> CH3 + H2O,1920,0,0,5991890000000,0.693,1E-10
CH4 + OH <=> CH3 + H2O,947,0,0,541980000000,0.693,1E-10
CH4 + OH <=> CH3 + H2O,840,0,0,421540000000,0.693,1E-10
CH4 + OH <=> CH3 + H2O,937,0,0,662420000000,0.693,1E-10
CH4 + OH <=> CH3 + H2O,1020,0,0,1023740000000,0.693,1E-10
CH4 + OH <=> CH3 + H2O,1101,0,0,1866820000000,0.693,1E-10
CH4 + OH <=> CH3 + H2O,1206,0,0,1927040000000,0.693,1E-10
CH4 + OH <=> CH3 + H2O,891,0,0,481760000000,0.693,1E-10
CH4 + OH <=> CH3 + H2O,1139,0,0,1565720000000,0.693,1E-10
CH4 + OH <=> CH3 + H2O,1179,0,0,2047480000000,0.693,1E-10
CH4 + OH <=> CH3 + H2O,1271,0,0,2288360000000,0.693,1E-10
CH4 + OH <=> CH3 + H2O,296,0,0,3733640000,0.693,1E-10
CH4 + OH <=> CH3 + H2O,295,0,0,3703530000,0.693,1E-10
CH4 + OH <=> CH3 + H2O,295,0,0,3552980000,0.693,1E-10
CH4 + OH <=> CH3 + H2O,295,0,0,3522870000,0.693,1E-10
CH4 + OH <=> CH3 + H2O,295,0,0,3625244000,0.693,1E-10
CH4 + OH <=> CH3 + H2O,223,0,0,493804000,0.693,1E-10
CH4 + OH <=> CH3 + H2O,218,0,0,451650000,0.693,1E-10
CH4 + OH <=> CH3 + H2O,213,0,0,379386000,0.693,1E-10
CH4 + OH <=> CH3 + H2O,206,0,0,295078000,0.693,1E-10
CH4 + OH <=> CH3 + H2O,200,0,0,240880000,0.693,1E-10
CH4 + OH <=> CH3 + H2O,195,0,0,216792000,0.693,1E-10
CH4 + OH <=> CH3 + H2O,293,0,0,3384364000,0.693,1E-10
CH4 + OH <=> CH3 + H2O,409,0,0,22341620000,0.693,1E-10
CH4 + OH <=> CH3 + H2O,420,0,0,25412840000,0.693,1E-10
CH4 + OH <=> CH3 + H2O,498,0,0,60822200000,0.693,1E-10
CH4 + OH <=> CH3 + H2O,547,0,0,91534400000,0.693,1E-10
CH4 + OH <=> CH3 + H2O,602,0,0,142721000000,0.693,1E-10
CH4 + OH <=> CH3 + H2O,654,0,0,221007000000,0.693,1E-10
CH4 + OH <=> CH3 + H2O,704,0,0,285443000000,0.693,1E-10
CH4 + OH <=> CH3 + H2O,745,0,0,346867000000,0.693,1E-10
CH4 + OH <=> CH3 + H2O,800,0,0,455263000000,0.693,1E-10
CH4 + OH <=> CH3 + H2O,200,0,0,1350000000000000,0.69,1E-10
CH4 + OH <=> CH3 + H2O,250,0,0,1350000000000000,0.69,1E-10
CH4 + OH <=> CH3 + H2O,300,0,0,1350000000000000,0.69,1E-10
CH4 + OH <=> CH3 + H2O,350,0,0,1350000000000000,0.69,1E-10
CH4 + OH <=> CH3 + H2O,400,0,0,1350000000000000,0.69,1E-10
CH4 + OH <=> CH3 + H2O,450,0,0,1350000000000000,0.69,1E-10
CH4 + OH <=> CH3 + H2O,500,0,0,1350000000000000,0.69,1E-10
CH4 + OH <=> CH3 + H2O,550,0,0,1350000000000000,0.69,1E-10
CH4 + OH <=> CH3 + H2O,600,0,0,1350000000000000,0.69,1E-10
CH4 + OH <=> CH3 + H2O,650,0,0,1350000000000000,0.69,1E-10
CH4 + OH <=> CH3 + H2O,700,0,0,1350000000000000,0.69,1E-10
CH4 + OH <=> CH3 + H2O,750,0,0,1350000000000000,0.69,1E-10
CH4 + OH <=> CH3 + H2O,800,0,0,1350000000000000,0.69,1E-10
CH4 + OH <=> CH3 + H2O,850,0,0,1350000000000000,0.69,1E-10
CH4 + OH <=> CH3 + H2O,900,0,0,1350000000000000,0.69,1E-10
CH4 + OH <=> CH3 + H2O,950,0,0,1350000000000000,0.69,1E-10
CH4 + OH <=> CH3 + H2O,1000,0,0,1350000000000000,0.69,1E-10
CH4 + OH <=> CH3 + H2O,1050,0,0,1350000000000000,0.69,1E-10
CH4 + OH <=> CH3 + H2O,1100,0,0,1350000000000000,0.69,1E-10
CH4 + OH <=> CH3 + H2O,1150,0,0,1350000000000000,0.69,1E-10
CH4 + OH <=> CH3 + H2O,1200,0,0,1350000000000000,0.69,1E-10
CH4 + OH <=> CH3 + H2O,1250,0,0,1350000000000000,0.69,1E-10
CH4 + OH <=> CH3 + H2O,1300,0,0,1350000000000000,0.69,1E-10
CH4 + OH <=> CH3 + H2O,1350,0,0,1350000000000000,0.69,1E-10
CH4 + OH <=> CH3 + H2O,1400,0,0,1350000000000000,0.69,1E-10
CH4 + OH <=> CH3 + H2O,1450,0,0,1350000000000000,0.69,1E-10
CH4 + OH <=> CH3 + H2O,1500,0,0,1350000000000000,0.69,1E-10
CH4 + OH <=> CH3 + H2O,1550,0,0,1350000000000000,0.69,1E-10
CH4 + OH <=> CH3 + H2O,1600,0,0,1350000000000000,0.69,1E-10
CH4 + OH <=> CH3 + H2O,1650,0,0,1350000000000000,0.69,1E-10
CH4 + OH <=> CH3 + H2O,1700,0,0,1350000000000000,0.69,1E-10
CH4 + OH <=> CH3 + H2O,1750,0,0,1350000000000000,0.69,1E-10
CH4 + OH <=> CH3 + H2O,1800,0,0,1350000000000000,0.69,1E-10
CH4 + OH <=> CH3 + H2O,1850,0,0,1350000000000000,0.69,1E-10
CH4 + OH <=> CH3 + H2O,1900,0,0,1350000000000000,0.69,1E-10
CH4 + OH <=> CH3 + H2O,1950,0,0,1350000000000000,0.69,1E-10
CH4 + OH <=> CH3 + H2O,2000,0,0,1350000000000000,0.69,1E-10
CH4 + OH <=> CH3 + H2O,2050,0,0,1350000000000000,0.69,1E-10
CH4 + OH <=> CH3 + H2O,2100,0,0,1350000000000000,0.69,1E-10
CH4 + OH <=> CH3 + H2O,2150,0,0,1350000000000000,0.69,1E-10
CH4 + OH <=> CH3 + H2O,2200,0,0,1350000000000000,0.69,1E-10
CH4 + OH <=> CH3 + H2O,2250,0,0,1350000000000000,0.69,1E-10
CH4 + OH <=> CH3 + H2O,2300,0,0,1350000000000000,0.69,1E-10
CH4 + OH <=> CH3 + H2O,2350,0,0,1350000000000000,0.69,1E-10
CH4 + OH <=> CH3 + H2O,2400,0,0,1350000000000000,0.69,1E-10
CH4 + OH <=> CH3 + H2O,2450,0,0,1350000000000000,0.69,1E-10
CH4 + OH <=> CH3 + H2O,2500,0,0,1350000000000000,0.69,1E-10
2 OH (+M) <=> H2O2 (+M),250,1.635,0,135000000000000,0.69,1E-10
2 OH (+M) <=> H2O2 (+M),300,1.635,0,135000000000000,0.69,1E-10
2 OH (+M) <=> H2O2 (+M),350,1.635,0,135000000000000,0.69,1E-10
2 OH (+M) <=> H2O2 (+M),400,1.635,0,135000000000000,0.69,1E-10
2 OH (+M) <=> H2O2 (+M),450,1.635,0,135000000000000,0.69,1E-10
2 OH (+M) <=> H2O2 (+M),500,1.635,0,135000000000000,0.69,1E-10
2 OH (+M) <=> H2O2 (+M),550,1.635,0,135000000000000,0.69,1E-10
2 OH (+M) <=> H2O2 (+M),600,1.635,0,135000000000000,0.69,1E-10
2 OH (+M) <=> H2O2 (+M),650,1.635,0,135000000000000,0.69,1E-10
2 OH (+M) <=> H2O2 (+M),700,1.635,0,135000000000000,0.69,1E-10
2 OH (+M) <=> H2O2 (+M),750,1.635,0,135000000000000,0.69,1E-10
2 OH (+M) <=> H2O2 (+M),800,1.635,0,135000000000000,0.69,1E-10
2 OH (+M) <=> H2O2 (+M),850,1.635,0,135000000000000,0.69,1E-10
2 OH (+M) <=> H2O2 (+M),900,1.635,0,135000000000000,0.69,1E-10
2 OH (+M) <=> H2O2 (+M),950,1.635,0,135000000000000,0.69,1E-10
2 OH (+M) <=> H2O2 (+M),1000,1.635,0,135000000000000,0.69,1E-10
2 OH (+M) <=> H2O2 (+M),1050,1.635,0,135000000000000,0.69,1E-10
2 OH (+M) <=> H2O2 (+M),1100,1.635,0,135000000000000,0.69,1E-10
2 OH (+M) <=> H2O2 (+M),1150,1.635,0,135000000000000,0.69,1E-10
2 OH (+M) <=> H2O2 (+M),1200,1.635,0,135000000000000,0.69,1E-10
2 OH (+M) <=> H2O2 (+M),1250,1.635,0,135000000000000,0.69,1E-10
2 OH (+M) <=> H2O2 (+M),1300,1.635,0,135000000000000,0.69,1E-10
2 OH (+M) <=> H2O2 (+M),1350,1.635,0,135000000000000,0.69,1E-10
2 OH (+M) <=> H2O2 (+M),1400,1.635,0,135000000000000,0.69,1E-10
2 OH (+M) <=> H2O2 (+M),1450,1.635,0,135000000000000,0.69,1E-10
2 OH (+M) <=> H2O2 (+M),1500,1.635,0,135000000000000,0.69,1E-10
2 OH (+M) <=> H2O2 (+M),1550,1.635,0,135000000000000,0.69,1E-10
2 OH (+M) <=> H2O2 (+M),1600,1.635,0,135000000000000,0.69,1E-10
2 OH (+M) <=> H2O2 (+M),1650,1.635,0,135000000000000,0.69,1E-10
2 OH (+M) <=> H2O2 (+M),1700,1.635,0,135000000000000,0.69,1E-10
2 OH (+M) <=> H2O2 (+M),1750,1.635,0,135000000000000,0.69,1E-10
2 OH (+M) <=> H2O2 (+M),1800,1.635,0,135000000000000,0.69,1E-10
2 OH (+M) <=> H2O2 (+M),1850,1.635,0,135000000000000,0.69,1E-10
2 OH (+M) <=> H2O2 (+M),1900,1.635,0,135000000000000,0.69,1E-10
2 OH (+M) <=> H2O2 (+M),1950,1.635,0,135000000000000,0.69,1E-10
2 OH (+M) <=> H2O2 (+M),2000,1.635,0,135000000000000,0.69,1E-10
2 OH (+M) <=> H2O2 (+M),2050,1.635,0,135000000000000,0.69,1E-10
2 OH (+M) <=> H2O2 (+M),2100,1.635,0,135000000000000,0.69,1E-10
2 OH (+M) <=> H2O2 (+M),2150,1.635,0,135000000000000,0.69,1E-10
2 OH (+M) <=> H2O2 (+M),2200,1.635,0,135000000000000,0.69,1E-10
2 OH (+M) <=> H2O2 (+M),2250,1.635,0,135000000000000,0.69,1E-10
2 OH (+M) <=> H2O2 (+M),2300,1.635,0,135000000000000,0.69,1E-10
2 OH (+M) <=> H2O2 (+M),2350,1.635,0,135000000000000,0.69,1E-10
2 OH (+M) <=> H2O2 (+M),2400,1.635,0,135000000000000,0.69,1E-10
2 OH (+M) <=> H2O2 (+M),2450,1.635,0,135000000000000,0.69,1E-10
2 OH (+M) <=> H2O2 (+M),2500,1.635,0,135000000000000,0.69,1E-10
