,,,,,,time,pressure,mass,temperature,H2,H,O,O2,OH,H2O,HO2,H2O2,N2,AR,Absorbance
,,,,,,2.21E-15,169820.7,0.689585174397303,1181.99999999988,1.20E-37,8.25E-28,6.01E-30,0.000556597228827,2.35E-14,0.001114195531806,7.75E-20,0.002048197716138,0,0.996281009523207,0.0753194
,,,,,,2.21E-11,169820.7,0.689585174397303,1181.99999879381,1.38E-29,9.45E-24,4.42E-23,0.000556597228761,2.36E-10,0.001114195531676,1.86E-15,0.002048197598153,0,0.996281009405903,0.0753194
,,,,,,9.43E-11,169820.7,0.689585174397303,1181.99999485771,2.18E-28,5.96E-23,1.83E-21,0.000556597228545,1.00E-09,0.001114195531259,1.56E-14,0.002048197213089,0,0.996281009023068,0.0753193
,,,,,,1.67E-10,169820.7,0.689585174397303,1181.99999092167,7.60E-28,1.50E-22,7.86E-21,0.00055659722833,1.77E-09,0.001114195530852,3.97E-14,0.002048196828015,0,0.996281008640232,0.0753193
,,,,,,2.39E-10,169820.7,0.689585174397303,1181.99998698571,1.90E-27,3.03E-22,2.10E-20,0.000556597228115,2.54E-09,0.001114195530456,7.48E-14,0.00204819644293,0,0.996281008257397,0.0753193
,,,,,,3.11E-10,169820.7,0.689585174397303,1181.99998304982,4.00E-27,5.43E-22,4.43E-20,0.0005565972279,3.31E-09,0.001114195530072,1.21E-13,0.002048196057833,0,0.996281007874562,0.0753193
,,,,,,4.65E-10,169820.7,0.689585174397303,1181.99997463786,1.52E-26,1.50E-21,1.47E-19,0.00055659722744,4.95E-09,0.00111419552929,2.60E-13,0.002048195234724,0,0.996281007056325,0.0753193
,,,,,,7.47E-10,169820.7,0.689585174397303,1181.99995927188,8.89E-26,5.56E-21,6.20E-19,0.0005565972266,7.95E-09,0.001114195527997,6.48E-13,0.002048193730943,0,0.99628100556158,0.0753192
,,,,,,1.25E-09,169820.7,0.689585174397303,1181.99993199657,6.61E-25,2.47E-20,2.93E-18,0.000556597225109,1.33E-08,0.001114195526136,1.77E-12,0.002048191060956,0,0.996281002908068,0.0753191
,,,,,,2.14E-09,169820.7,0.689585174397303,1181.9998833173,5.70E-24,1.23E-19,1.50E-17,0.000556597222447,2.28E-08,0.001114195524192,5.16E-12,0.00204818629348,0,0.99628099817138,0.075319
,,,,,,3.95E-09,169820.7,0.689585174397303,1181.99978492714,6.90E-23,7.75E-19,9.62E-17,0.000556597217065,4.20E-08,0.001114195525661,1.74E-11,0.002048176648683,0,0.996280988594234,0.0753186
,,,,,,5.75E-09,169820.7,0.689585174397303,1181.99968658421,2.71E-22,2.29E-18,2.85E-16,0.000556597211683,6.12E-08,0.001114195534353,3.69E-11,0.002048166996724,0,0.996280979017149,0.0753183
,,,,,,7.56E-09,169820.7,0.689585174397303,1181.99958828848,7.37E-22,5.02E-18,6.27E-16,0.000556597206301,8.04E-08,0.001114195550266,6.36E-11,0.002048157337605,0,0.996280969440123,0.0753179
,,,,,,1.05E-08,169820.7,0.689585174397303,1181.99943029521,2.49E-21,1.29E-17,1.62E-15,0.000556597197645,1.11E-07,0.001114195590998,1.22E-10,0.002048141787514,0,0.996280954037203,0.0753174
,,,,,,1.34E-08,169820.7,0.689585174397303,1181.99927242395,6.27E-21,2.65E-17,3.32E-15,0.000556597188989,1.42E-07,0.001114195650391,1.98E-10,0.002048126218919,0,0.996280938634438,0.0753168
,,,,,,1.63E-08,169820.7,0.689585174397303,1181.99911467461,1.33E-20,4.72E-17,5.91E-15,0.000556597180333,1.73E-07,0.001114195728432,2.94E-10,0.002048110631833,0,0.996280923231828,0.0753163
,,,,,,1.92E-08,169820.7,0.689585174397303,1181.99895704713,2.51E-20,7.68E-17,9.62E-15,0.000556597171677,2.04E-07,0.00111419582511,4.08E-10,0.002048095026269,0,0.996280907829375,0.0753158
,,,,,,2.52E-08,169820.7,0.689585174397303,1181.99863331215,7.30E-20,1.72E-16,2.16E-14,0.000556597153879,2.67E-07,0.001114196082411,7.01E-10,0.002048062879706,0,0.996280876158956,0.0753147
,,,,,,3.11E-08,169820.7,0.689585174397303,1181.99831009142,1.70E-19,3.25E-16,4.07E-14,0.000556597136082,3.30E-07,0.00111419641836,1.07E-09,0.002048030655168,0,0.996280844489197,0.0753137
,,,,,,4.79E-08,169820.7,0.689585174397303,1181.99740341523,9.69E-19,1.18E-15,1.48E-13,0.000556597086011,5.08E-07,0.001114197784697,2.54E-09,0.002047939569163,0,0.99628075538516,0.0753109
,,,,,,6.47E-08,169820.7,0.689585174397303,1181.99650079082,3.21E-18,2.91E-15,3.64E-13,0.000556597035949,6.84E-07,0.001114199770641,4.62E-09,0.00204784786895,0,0.996280666286371,0.0753083
,,,,,,8.16E-08,169820.7,0.689585174397303,1181.99560220398,7.95E-18,5.80E-15,7.25E-13,0.000556596985899,8.61E-07,0.001114202373968,7.33E-09,0.002047755556817,0,0.996280577192854,0.0753058
,,,,,,9.84E-08,169820.7,0.689585174397303,1181.99470764058,1.66E-17,1.02E-14,1.27E-12,0.000556596935869,1.04E-06,0.001114205592466,1.06E-08,0.002047662635038,0,0.996280488104629,0.0753036
,,,,,,1.15E-07,169820.7,0.689585174397303,1181.99381708656,3.11E-17,1.63E-14,2.03E-12,0.000556596885863,1.21E-06,0.001114209423937,1.46E-08,0.00204756910588,0,0.996280399021718,0.0753015
,,,,,,1.41E-07,169820.7,0.689585174397303,1181.9924315949,7.04E-17,3.01E-14,3.75E-12,0.000556596807684,1.48E-06,0.001114216644044,2.20E-08,0.002047421541759,0,0.996280259639021,0.0752986
,,,,,,1.68E-07,169820.7,0.689585174397303,1181.9910558326,1.39E-16,5.02E-14,6.23E-12,0.00055659672962,1.75E-06,0.001114225351267,3.08E-08,0.002047272504624,0,0.996280120269468,0.0752962
,,,,,,1.94E-07,169820.7,0.689585174397303,1181.98968974668,2.48E-16,7.75E-14,9.60E-12,0.000556596651713,2.02E-06,0.00111423553729,4.12E-08,0.002047122003048,0,0.996279980913139,0.0752942
,,,,,,2.20E-07,169820.7,0.689585174397303,1181.98833328453,4.12E-16,1.13E-13,1.40E-11,0.00055659657401,2.29E-06,0.001114247193838,5.30E-08,0.002046970045566,0,0.996279841570116,0.0752926
,,,,,,2.61E-07,169820.7,0.689585174397303,1181.98624507842,8.11E-16,1.88E-13,2.32E-11,0.000556596453838,2.70E-06,0.001114268198646,7.42E-08,0.002046731122574,0,0.996279625136941,0.0752911
,,,,,,3.02E-07,169820.7,0.689585174397303,1181.98417977551,1.45E-15,2.90E-13,3.56E-11,0.000556596334523,3.11E-06,0.001114292701591,9.89E-08,0.002046488738364,0,0.996279408736362,0.0752905
,,,,,,3.66E-07,169820.7,0.689585174397303,1181.98101406935,3.09E-15,5.12E-13,6.25E-11,0.000556596151377,3.74E-06,0.001114337668968,1.44E-07,0.002046105127078,0,0.996279072384032,0.0752917
,,,,,,4.29E-07,169820.7,0.689585174397303,1181.97790253837,5.85E-15,8.24E-13,1.00E-10,0.000556595972124,4.37E-06,0.001114390904598,1.98E-07,0.002045713343175,0,0.996278736112277,0.0752954
,,,,,,4.93E-07,169820.7,0.689585174397303,1181.97484448075,1.01E-14,1.24E-12,1.50E-10,0.000556595798122,4.98E-06,0.00111445229722,2.59E-07,0.002045313501952,0,0.99627839992217,0.0753015
,,,,,,5.56E-07,169820.7,0.689585174397303,1181.97183920573,1.64E-14,1.78E-12,2.13E-10,0.00055659563091,5.58E-06,0.001114521737068,3.29E-07,0.002044905717308,0,0.99627806381477,0.0753099
,,,,,,6.20E-07,169820.7,0.689585174397303,1181.96888603343,2.52E-14,2.46E-12,2.92E-10,0.0005565954722,6.18E-06,0.001114599115849,4.07E-07,0.002044490101759,0,0.996277727791116,0.0753207
,,,,,,7.22E-07,169820.7,0.689585174397303,1181.96424770406,4.62E-14,3.86E-12,4.54E-10,0.000556595239749,7.12E-06,0.001114739826225,5.48E-07,0.002043806077218,0,0.996277187974293,0.0753429
,,,,,,8.24E-07,169820.7,0.689585174397303,1181.95973948384,7.82E-14,5.72E-12,6.65E-10,0.000556595042789,8.04E-06,0.001114900327703,7.09E-07,0.002043102569998,0,0.996276648380561,0.0753709
,,,,,,9.26E-07,169820.7,0.689585174397303,1181.95535871934,1.24E-13,8.10E-12,9.29E-10,0.000556594890928,8.95E-06,0.001115080193881,8.88E-07,0.002042380025267,0,0.996276109013987,0.0754046
,,,,,,1.03E-06,169820.7,0.689585174397303,1181.95110282282,1.88E-13,1.10E-11,1.25E-09,0.00055659479467,9.83E-06,0.001115279007445,1.09E-06,0.002041638879516,0,0.996275569878542,0.0754439
,,,,,,1.13E-06,169820.7,0.689585174397303,1181.94696927029,2.75E-13,1.46E-11,1.64E-09,0.000556594765351,1.07E-05,0.001115496359969,1.30E-06,0.002040879560719,0,0.996275030978095,0.0754887
,,,,,,1.29E-06,169820.7,0.689585174397303,1181.94089082884,4.59E-13,2.15E-11,2.35E-09,0.000556594877259,1.20E-05,0.001115862925061,1.67E-06,0.002039686583196,0,0.996274208955871,0.0755672
,,,,,,1.44E-06,169820.7,0.689585174397303,1181.93508316628,7.24E-13,3.02E-11,3.24E-09,0.000556595219482,1.32E-05,0.0011162703619,2.08E-06,0.002038453704395,0,0.996273387502819,0.0756576
,,,,,,1.60E-06,169820.7,0.689585174397303,1181.92953810884,1.09E-12,4.11E-11,4.30E-09,0.000556595841331,1.44E-05,0.001116717331607,2.52E-06,0.002037182336097,0,0.996272566631453,0.0757596
,,,,,,1.75E-06,169820.7,0.689585174397303,1181.92424778077,1.58E-12,5.43E-11,5.55E-09,0.00055659679493,1.56E-05,0.001117202538198,3.00E-06,0.002035873847994,0,0.996271746353803,0.0758726
,,,,,,1.91E-06,169820.7,0.689585174397303,1181.91920459152,2.22E-12,7.00E-11,7.00E-09,0.000556598134794,1.67E-05,0.001117724727109,3.52E-06,0.002034529568867,0,0.996270926681436,0.0759963
,,,,,,2.06E-06,169820.7,0.689585174397303,1181.91440122341,3.04E-12,8.86E-11,8.65E-09,0.000556599917448,1.78E-05,0.001118282683785,4.07E-06,0.002033150787735,0,0.996270107625469,0.0761303
,,,,,,2.22E-06,169820.7,0.689585174397303,1181.90983061996,4.07E-12,1.10E-10,1.05E-08,0.000556602201058,1.88E-05,0.00111887523231,4.66E-06,0.002031738754979,0,0.996269289196588,0.0762742
,,,,,,2.38E-06,169820.7,0.689585174397303,1181.90548597473,5.34E-12,1.35E-10,1.26E-08,0.000556605045111,1.98E-05,0.001119501234095,5.28E-06,0.00203029468343,0,0.996268471405056,0.0764277
,,,,,,2.53E-06,169820.7,0.689585174397303,1181.90136072085,6.90E-12,1.64E-10,1.49E-08,0.000556608510111,2.08E-05,0.001120159586621,5.93E-06,0.002028819749433,0,0.99626765426073,0.0765903
,,,,,,2.69E-06,169820.7,0.689585174397303,1181.89744852098,8.78E-12,1.96E-10,1.74E-08,0.000556612657308,2.18E-05,0.001120849222227,6.61E-06,0.002027315093877,0,0.996266837773069,0.0767617
,,,,,,2.84E-06,169820.7,0.689585174397303,1181.89374325782,1.10E-11,2.32E-10,2.01E-08,0.000556617548451,2.27E-05,0.001121569106944,7.31E-06,0.002025781823201,0,0.99626602195115,0.0769415
,,,,,,3.00E-06,169820.7,0.689585174397303,1181.89023902501,1.37E-11,2.73E-10,2.30E-08,0.000556623245559,2.36E-05,0.001122318239373,8.05E-06,0.002024221010375,0,0.996265206803683,0.0771295
,,,,,,3.16E-06,169820.7,0.689585174397303,1181.88693011853,1.68E-11,3.18E-10,2.62E-08,0.000556629810714,2.44E-05,0.001123095649605,8.81E-06,0.002022633695848,0,0.996264392339014,0.0773253
,,,,,,3.31E-06,169820.7,0.689585174397303,1181.88381102852,2.04E-11,3.68E-10,2.96E-08,0.000556637305876,2.52E-05,0.001123900398176,9.60E-06,0.002021020888477,0,0.996263578565144,0.0775286
,,,,,,3.47E-06,169820.7,0.689585174397303,1181.88087643144,2.46E-11,4.23E-10,3.32E-08,0.000556645792711,2.60E-05,0.001124731575074,1.04E-05,0.002019383566429,0,0.996262765489739,0.077739
,,,,,,3.62E-06,169820.7,0.689585174397303,1181.87812118264,2.94E-11,4.83E-10,3.70E-08,0.000556655332445,2.68E-05,0.001125588298765,1.12E-05,0.002017722678057,0,0.996261953120136,0.0779563
,,,,,,3.78E-06,169820.7,0.689585174397303,1181.8755403093,3.49E-11,5.49E-10,4.11E-08,0.000556665985722,2.75E-05,0.001126469715273,1.21E-05,0.002016039142752,0,0.996261141463359,0.0781802
,,,,,,3.93E-06,169820.7,0.689585174397303,1181.87312900369,4.11E-11,6.20E-10,4.53E-08,0.000556677812484,2.83E-05,0.001127374997276,1.30E-05,0.002014333851775,0,0.996260330526124,0.0784104
,,,,,,4.09E-06,169820.7,0.689585174397303,1181.87088261671,4.82E-11,6.96E-10,4.98E-08,0.00055669087186,2.90E-05,0.001128303343248,1.39E-05,0.002012607669066,0,0.996259520314854,0.0786466
,,,,,,4.25E-06,169820.7,0.689585174397303,1181.86879665178,5.61E-11,7.79E-10,5.45E-08,0.000556705222072,2.96E-05,0.001129253976625,1.48E-05,0.002010861432025,0,0.996258710835685,0.0788885
,,,,,,4.40E-06,169820.7,0.689585174397303,1181.86686675897,6.50E-11,8.68E-10,5.93E-08,0.000556720920348,3.03E-05,0.001130226145002,1.57E-05,0.002009095952279,0,0.996257902094473,0.079136
,,,,,,4.56E-06,169820.7,0.689585174397303,1181.86508872948,7.49E-11,9.63E-10,6.44E-08,0.000556738022847,3.09E-05,0.001131219119362,1.67E-05,0.002007312016424,0,0.996257094096809,0.0793887
,,,,,,4.71E-06,169820.7,0.689585174397303,1181.86345849024,8.59E-11,1.06E-09,6.97E-08,0.000556756584594,3.15E-05,0.001132232193327,1.76E-05,0.002005510386748,0,0.996256286848024,0.0796465
,,,,,,4.87E-06,169820.7,0.689585174397303,1181.86197209889,9.81E-11,1.17E-09,7.51E-08,0.000556776659424,3.21E-05,0.001133264682436,1.86E-05,0.002003691801933,0,0.996255480353198,0.079909
,,,,,,5.02E-06,169820.7,0.689585174397303,1181.86062573889,1.12E-10,1.29E-09,8.08E-08,0.000556798299931,3.26E-05,0.001134315923455,1.96E-05,0.002001856977741,0,0.996254674617166,0.080176
,,,,,,5.18E-06,169820.7,0.689585174397303,1181.8594157149,1.26E-10,1.41E-09,8.66E-08,0.000556821557432,3.32E-05,0.001135385273703,2.07E-05,0.002000006607675,0,0.99625386964453,0.0804474
,,,,,,5.34E-06,169820.7,0.689585174397303,1181.85833844831,1.42E-10,1.54E-09,9.26E-08,0.00055684648193,3.37E-05,0.001136472110403,2.17E-05,0.001998141363629,0,0.996253065439662,0.0807229
,,,,,,5.49E-06,169820.7,0.689585174397303,1181.85739047307,1.60E-10,1.67E-09,9.88E-08,0.000556873122089,3.42E-05,0.00113757583006,2.27E-05,0.001996261896512,0,0.996252262006714,0.0810023
,,,,,,5.65E-06,169820.7,0.689585174397303,1181.85656843158,1.80E-10,1.81E-09,1.05E-07,0.000556901525208,3.47E-05,0.001138695847852,2.38E-05,0.001994368836865,0,0.996251459349627,0.0812854
,,,,,,5.80E-06,169820.7,0.689585174397303,1181.8558690708,2.01E-10,1.96E-09,1.12E-07,0.00055693173721,3.51E-05,0.001139831597052,2.49E-05,0.001992462795449,0,0.996250657472133,0.081572
,,,,,,5.96E-06,169820.7,0.689585174397303,1181.8552892386,2.23E-10,2.12E-09,1.18E-07,0.000556963802627,3.56E-05,0.001140982528458,2.59E-05,0.001990544363826,0,0.996249856377766,0.081862
,,,,,,6.12E-06,169820.7,0.689585174397303,1181.85482588014,2.48E-10,2.28E-09,1.25E-07,0.000556997764596,3.60E-05,0.001142148109855,2.70E-05,0.001988614114922,0,0.996249056069867,0.082155
,,,,,,6.27E-06,169820.7,0.689585174397303,1181.8544760345,2.75E-10,2.45E-09,1.32E-07,0.000557033664852,3.64E-05,0.001143327825479,2.81E-05,0.001986672603568,0,0.99624825655159,0.082451
,,,,,,6.43E-06,169820.7,0.689585174397303,1181.85423683141,3.03E-10,2.63E-09,1.39E-07,0.000557071543734,3.68E-05,0.001144521175517,2.92E-05,0.001984720367038,0,0.996247457825908,0.0827498
,,,,,,6.58E-06,169820.7,0.689585174397303,1181.8541054881,3.34E-10,2.81E-09,1.46E-07,0.000557111440184,3.72E-05,0.001145727675608,3.04E-05,0.001982757925556,0,0.996246659895622,0.0830513
,,,,,,6.82E-06,169820.7,0.689585174397303,1181.85410511265,3.85E-10,3.10E-09,1.57E-07,0.00055717531183,3.78E-05,0.001147565595778,3.21E-05,0.001979788927293,0,0.996245461563703,0.0835091
,,,,,,7.05E-06,169820.7,0.689585174397303,1181.8543337044,4.41E-10,3.41E-09,1.69E-07,0.000557243951748,3.83E-05,0.001149430656679,3.38E-05,0.001976799634655,0,0.996244265044385,0.0839719
,,,,,,7.29E-06,169820.7,0.689585174397303,1181.85478283028,5.02E-10,3.73E-09,1.80E-07,0.00055731747482,3.88E-05,0.001151321394575,3.55E-05,0.001973791613829,0,0.996243070345129,0.0844393
,,,,,,7.52E-06,169820.7,0.689585174397303,1181.85544443376,5.70E-10,4.06E-09,1.92E-07,0.000557395989099,3.93E-05,0.00115323641332,3.73E-05,0.001970766355992,0,0.996241877472641,0.0849107
,,,,,,7.75E-06,169820.7,0.689585174397303,1181.8563108164,6.44E-10,4.41E-09,2.04E-07,0.000557479595957,3.97E-05,0.001155174381296,3.90E-05,0.001967725280611,0,0.996240686432913,0.0853858
,,,,,,7.99E-06,169820.7,0.689585174397303,1181.85737462021,7.25E-10,4.77E-09,2.16E-07,0.000557568390234,4.01E-05,0.001157134028478,4.08E-05,0.001964669738632,0,0.996239497231254,0.085864
,,,,,,8.22E-06,169820.7,0.689585174397303,1181.85862881097,8.13E-10,5.15E-09,2.28E-07,0.00055766246041,4.05E-05,0.001159114143621,4.26E-05,0.001961601015539,0,0.99623830987233,0.086345
,,,,,,8.46E-06,169820.7,0.689585174397303,1181.86006666253,9.08E-10,5.53E-09,2.41E-07,0.000557761888782,4.09E-05,0.001161113571592,4.44E-05,0.001958520334273,0,0.996237124360192,0.0868283
,,,,,,8.69E-06,169820.7,0.689585174397303,1181.8616817421,1.01E-09,5.93E-09,2.53E-07,0.00055786675165,4.12E-05,0.001163131210832,4.62E-05,0.001955428858024,0,0.99623594069831,0.0873137
,,,,,,8.93E-06,169820.7,0.689585174397303,1181.86346789624,1.12E-09,6.35E-09,2.66E-07,0.000557977119516,4.15E-05,0.001165166010939,4.80E-05,0.001952327692904,0,0.996234758889602,0.0878007
,,,,,,9.16E-06,169820.7,0.689585174397303,1181.86541923767,1.24E-09,6.77E-09,2.79E-07,0.000558093057277,4.18E-05,0.001167216970355,4.98E-05,0.001949217890509,0,0.99623357893646,0.088289
,,,,,,9.39E-06,169820.7,0.689585174397303,1181.86753013268,1.37E-09,7.20E-09,2.92E-07,0.000558214624425,4.21E-05,0.001169283134161,5.16E-05,0.001946100450374,0,0.996232400840782,0.0887784
,,,,,,9.63E-06,169820.7,0.689585174397303,1181.86979518929,1.50E-09,7.64E-09,3.04E-07,0.000558341875249,4.24E-05,0.001171363591966,5.34E-05,0.001942976322322,0,0.996231224603993,0.0892684
,,,,,,9.86E-06,169820.7,0.689585174397303,1181.87220924599,1.65E-09,8.09E-09,3.17E-07,0.000558474859038,4.26E-05,0.001173457475908,5.52E-05,0.001939846408714,0,0.996230050227074,0.0897589
,,,,,,1.01E-05,169820.7,0.689585174397303,1181.87476736103,1.80E-09,8.55E-09,3.30E-07,0.000558613620274,4.29E-05,0.001175563958728,5.70E-05,0.001936711566593,0,0.99622887771058,0.0902495
,,,,,,1.03E-05,169820.7,0.689585174397303,1181.87746480233,1.97E-09,9.02E-09,3.43E-07,0.000558758198836,4.31E-05,0.001177682251947,5.88E-05,0.001933572609749,0,0.996227707054669,0.09074
,,,,,,1.06E-05,169820.7,0.689585174397303,1181.88029703781,2.14E-09,9.49E-09,3.56E-07,0.000558908630193,4.33E-05,0.001179811604113,6.07E-05,0.001930430310684,0,0.996226538259116,0.0912302
,,,,,,1.08E-05,169820.7,0.689585174397303,1181.88325972626,2.32E-09,9.96E-09,3.69E-07,0.000559064945591,4.35E-05,0.00118195129913,6.25E-05,0.001927285402502,0,0.99622537132334,0.0917198
,,,,,,1.10E-05,169820.7,0.689585174397303,1181.88634870863,2.52E-09,1.04E-08,3.82E-07,0.000559227172245,4.37E-05,0.001184100654668,6.43E-05,0.001924138580707,0,0.99622420624642,0.0922086
,,,,,,1.13E-05,169820.7,0.689585174397303,1181.88955999972,2.72E-09,1.09E-08,3.95E-07,0.000559395333521,4.38E-05,0.001186259020632,6.61E-05,0.001920990504928,0,0.996223043027113,0.0926964
,,,,,,1.15E-05,169820.7,0.689585174397303,1181.89288978037,2.94E-09,1.14E-08,4.08E-07,0.000559569449112,4.40E-05,0.001188425777713,6.79E-05,0.001917841800573,0,0.996221881663872,0.0931831
,,,,,,1.17E-05,169820.7,0.689585174397303,1181.89633438986,3.16E-09,1.19E-08,4.21E-07,0.000559749535211,4.41E-05,0.001190600335993,6.97E-05,0.001914693060399,0,0.996220722154867,0.0936684
,,,,,,1.20E-05,169820.7,0.689585174397303,1181.89989031886,3.39E-09,1.24E-08,4.34E-07,0.000559935604679,4.42E-05,0.001192782133617,7.15E-05,0.001911544846025,0,0.996219564497992,0.0941521
,,,,,,1.22E-05,169820.7,0.689585174397303,1181.90355420255,3.64E-09,1.29E-08,4.47E-07,0.000560127667211,4.43E-05,0.001194970635519,7.33E-05,0.001908397689373,0,0.996218408690889,0.0946341
,,,,,,1.24E-05,169820.7,0.689585174397303,1181.90732281415,3.90E-09,1.34E-08,4.59E-07,0.000560325729486,4.45E-05,0.001197165332215,7.51E-05,0.001905252094045,0,0.996217254730959,0.0951143
,,,,,,1.27E-05,169820.7,0.689585174397303,1181.91119305874,4.17E-09,1.39E-08,4.72E-07,0.000560529795322,4.45E-05,0.001199365738635,7.69E-05,0.001902108536643,0,0.996216102615373,0.0955925
,,,,,,1.29E-05,169820.7,0.689585174397303,1181.91516196732,4.44E-09,1.44E-08,4.84E-07,0.000560739865822,4.46E-05,0.001201571393018,7.86E-05,0.001898967468025,0,0.996214952341091,0.0960685
,,,,,,1.31E-05,169820.7,0.689585174397303,1181.91922669121,4.73E-09,1.48E-08,4.96E-07,0.000560955939514,4.47E-05,0.001203781855851,8.04E-05,0.00189582931451,0,0.99621380390487,0.0965423
,,,,,,1.34E-05,169820.7,0.689585174397303,1181.92338449667,5.03E-09,1.53E-08,5.08E-07,0.000561178012481,4.48E-05,0.001205996708856,8.22E-05,0.00189269447903,0,0.996212657303277,0.0970138
,,,,,,1.36E-05,169820.7,0.689585174397303,1181.92763275975,5.35E-09,1.58E-08,5.20E-07,0.000561406078499,4.49E-05,0.001208215554022,8.39E-05,0.001889563342224,0,0.996211512532701,0.0974827
,,,,,,1.38E-05,169820.7,0.689585174397303,1181.93196896139,5.67E-09,1.63E-08,5.32E-07,0.00056164012915,4.49E-05,0.001210438012676,8.57E-05,0.001886436263491,0,0.996210369589364,0.097949
,,,,,,1.41E-05,169820.7,0.689585174397303,1181.93639068277,6.00E-09,1.67E-08,5.44E-07,0.00056188015395,4.50E-05,0.001212663724603,8.74E-05,0.001883313581992,0,0.996209228469329,0.0984126
,,,,,,1.43E-05,169820.7,0.689585174397303,1181.9408956008,6.35E-09,1.72E-08,5.55E-07,0.000562126140455,4.50E-05,0.001214892347199,8.91E-05,0.001880195617605,0,0.996208089168514,0.0988735
,,,,,,1.45E-05,169820.7,0.689585174397303,1181.94548148389,6.71E-09,1.77E-08,5.67E-07,0.000562378074375,4.50E-05,0.001217123554658,9.08E-05,0.001877082671842,0,0.996206951682697,0.0993315
,,,,,,1.48E-05,169820.7,0.689585174397303,1181.95014618783,7.07E-09,1.81E-08,5.78E-07,0.000562635939673,4.51E-05,0.001219357037208,9.25E-05,0.001873975028721,0,0.996205816007527,0.0997865
,,,,,,1.50E-05,169820.7,0.689585174397303,1181.95488765196,7.45E-09,1.86E-08,5.89E-07,0.000562899718666,4.51E-05,0.001221592500366,9.42E-05,0.001870872955599,0,0.996204682138532,0.100238
,,,,,,1.53E-05,169820.7,0.689585174397303,1181.95970389537,7.84E-09,1.90E-08,6.00E-07,0.000563169392118,4.51E-05,0.001223829664234,9.59E-05,0.001867776703969,0,0.996203550071127,0.100687
,,,,,,1.55E-05,169820.7,0.689585174397303,1181.96459301341,8.24E-09,1.94E-08,6.11E-07,0.00056344493933,4.51E-05,0.001226068262829,9.76E-05,0.001864686510218,0,0.996202419800622,0.101133
,,,,,,1.57E-05,169820.7,0.689585174397303,1181.96955317426,8.65E-09,1.99E-08,6.21E-07,0.000563726338228,4.52E-05,0.001228308043431,9.93E-05,0.001861602596352,0,0.99620129132223,0.101576
,,,,,,1.60E-05,169820.7,0.689585174397303,1181.97458261568,9.07E-09,2.03E-08,6.32E-07,0.000564013565438,4.52E-05,0.001230548765976,0.000100927520914,0.001858525170689,0,0.996200164631069,0.102015
,,,,,,1.63E-05,169820.7,0.689585174397303,1181.98225988941,9.73E-09,2.09E-08,6.47E-07,0.000564455679708,4.52E-05,0.001233914117567,0.000103395400524,0.00185391752531,0,0.996198476433019,0.102668
,,,,,,1.67E-05,169820.7,0.689585174397303,1181.99008404268,1.04E-08,2.15E-08,6.61E-07,0.000564910787375,4.52E-05,0.001237280357681,0.000105838645161,0.001849325550676,0,0.996196792235081,0.103314
,,,,,,1.70E-05,169820.7,0.689585174397303,1181.99804990425,1.11E-08,2.21E-08,6.76E-07,0.000565378795158,4.51E-05,0.00124064681726,0.000108256778815,0.001844749797347,0,0.996195112019776,0.103951
,,,,,,1.74E-05,169820.7,0.689585174397303,1182.00615258437,1.18E-08,2.26E-08,6.90E-07,0.000565859604967,4.51E-05,0.001244012877879,0.000110649384327,0.00184019076162,0,0.996193435769314,0.104581
,,,,,,1.77E-05,169820.7,0.689585174397303,1182.01438745629,1.26E-08,2.31E-08,7.03E-07,0.000566353114354,4.51E-05,0.001247377968245,0.000113016099086,0.001835648889429,0,0.996191763465628,0.105203
,,,,,,1.81E-05,169820.7,0.689585174397303,1182.02275013881,1.33E-08,2.36E-08,7.16E-07,0.000566859216926,4.51E-05,0.001250741560902,0.000115356610972,0.001831124580003,0,0.996190095090412,0.105816
,,,,,,1.84E-05,169820.7,0.689585174397303,1182.03123647994,1.41E-08,2.41E-08,7.28E-07,0.00056737780274,4.50E-05,0.00125410316914,0.000117670654567,0.001826618189311,0,0.996188430625154,0.106422
,,,,,,1.88E-05,169820.7,0.689585174397303,1182.0398425416,1.49E-08,2.46E-08,7.40E-07,0.000567908758654,4.50E-05,0.001257462344119,0.000119958007639,0.001822130033235,0,0.996186770051167,0.107019
,,,,,,1.91E-05,169820.7,0.689585174397303,1182.04856458557,1.57E-08,2.50E-08,7.52E-07,0.000568451968657,4.49E-05,0.001260818672212,0.000122218487896,0.001817660390516,0,0.996185113349612,0.107608
,,,,,,1.95E-05,169820.7,0.689585174397303,1182.05739906027,1.66E-08,2.54E-08,7.63E-07,0.000569007314173,4.49E-05,0.001264171772519,0.000124451949975,0.001813209505487,0,0.996183460501531,0.108188
,,,,,,1.98E-05,169820.7,0.689585174397303,1182.06634258843,1.74E-08,2.58E-08,7.73E-07,0.000569574674338,4.48E-05,0.001267521294547,0.000126658282618,0.001808777590631,0,0.996181811487865,0.108761
,,,,,,2.02E-05,169820.7,0.689585174397303,1182.07539195552,1.83E-08,2.62E-08,7.84E-07,0.000570153926263,4.48E-05,0.001270866916045,0.000128837406051,0.00180436482896,0,0.996180166289481,0.109324
,,,,,,2.05E-05,169820.7,0.689585174397303,1182.08454409906,1.92E-08,2.66E-08,7.93E-07,0.000570744945267,4.47E-05,0.001274208340984,0.000130989269557,0.001799971376225,0,0.996178524887188,0.10988
,,,,,,2.09E-05,169820.7,0.689585174397303,1182.09379609858,2.01E-08,2.69E-08,8.02E-07,0.000571347605105,4.47E-05,0.001277545297682,0.00013311384921,0.001795597362968,0,0.996176887261757,0.110427
,,,,,,2.12E-05,169820.7,0.689585174397303,1182.10314516632,2.11E-08,2.72E-08,8.11E-07,0.000571961778163,4.46E-05,0.001280877537062,0.000135211145788,0.001791242896427,0,0.99617525339394,0.110965
,,,,,,2.16E-05,169820.7,0.689585174397303,1182.11258863851,2.20E-08,2.75E-08,8.20E-07,0.000572587335648,4.45E-05,0.001284204831019,0.000137281182814,0.001786908062311,0,0.996173623264486,0.111496
,,,,,,2.19E-05,169820.7,0.689585174397303,1182.1221239673,2.29E-08,2.78E-08,8.27E-07,0.000573224147766,4.45E-05,0.001287526970908,0.000139324004749,0.001782592926448,0,0.996171996854152,0.112017
,,,,,,2.23E-05,169820.7,0.689585174397303,1182.13174871316,2.39E-08,2.81E-08,8.35E-07,0.000573872083874,4.44E-05,0.001290843766133,0.000141339675312,0.001778297536317,0,0.99617037414372,0.112531
,,,,,,2.26E-05,169820.7,0.689585174397303,1182.14146053792,2.49E-08,2.83E-08,8.42E-07,0.000574531012634,4.43E-05,0.001294155042834,0.000143328275916,0.00177402192247,0,0.996168755114009,0.113036
,,,,,,2.30E-05,169820.7,0.689585174397303,1182.15125719818,2.59E-08,2.85E-08,8.48E-07,0.000575200802147,4.42E-05,0.00129746064267,0.000145289904218,0.001769766099849,0,0.996167139745886,0.113533
,,,,,,2.33E-05,169820.7,0.689585174397303,1182.16113653926,2.69E-08,2.87E-08,8.55E-07,0.000575881320079,4.42E-05,0.001300760421683,0.000147224672776,0.001765530069016,0,0.996165528020273,0.114022
,,,,,,2.37E-05,169820.7,0.689585174397303,1182.17109648951,2.79E-08,2.89E-08,8.60E-07,0.000576572433779,4.41E-05,0.001304054249242,0.000149132707799,0.001761313817293,0,0.996163919918165,0.114502
,,,,,,2.40E-05,169820.7,0.689585174397303,1182.18113505506,2.89E-08,2.91E-08,8.66E-07,0.000577274010385,4.40E-05,0.001307342007066,0.000151014147987,0.001757117319814,0,0.996162315420629,0.114974
,,,,,,2.44E-05,169820.7,0.689585174397303,1182.19125031493,3.00E-08,2.93E-08,8.71E-07,0.000577985916929,4.39E-05,0.001310623588306,0.000152869143452,0.001752940540513,0,0.996160714508818,0.115438
,,,,,,2.47E-05,169820.7,0.689585174397303,1182.20144041645,3.10E-08,2.94E-08,8.75E-07,0.000578708020422,4.39E-05,0.001313898896704,0.000154697854723,0.001748783433029,0,0.996159117163978,0.115894
,,,,,,2.51E-05,169820.7,0.689585174397303,1182.21170357107,3.21E-08,2.95E-08,8.80E-07,0.000579440187948,4.38E-05,0.001317167845804,0.000156500451818,0.001744645941558,0,0.996157523367451,0.116343
,,,,,,2.54E-05,169820.7,0.689585174397303,1182.22203805038,3.31E-08,2.96E-08,8.84E-07,0.00058018228674,4.37E-05,0.001320430358222,0.000158277113381,0.00174052800163,0,0.996155933100688,0.116783
,,,,,,2.58E-05,169820.7,0.689585174397303,1182.23244218253,3.42E-08,2.98E-08,8.87E-07,0.000580934184251,4.36E-05,0.001323686364966,0.000160028025888,0.001736429540845,0,0.996154346345243,0.117215
,,,,,,2.62E-05,169820.7,0.689585174397303,1182.24291434875,3.53E-08,2.98E-08,8.90E-07,0.000581695748229,4.35E-05,0.001326935804807,0.000161753382901,0.001732350479541,0,0.996152763082792,0.117639
,,,,,,2.65E-05,169820.7,0.689585174397303,1182.2534529803,3.64E-08,2.99E-08,8.93E-07,0.000582466846778,4.35E-05,0.001330178623694,0.000163453384383,0.001728290731429,0,0.996151183295126,0.118056
,,,,,,2.69E-05,169820.7,0.689585174397303,1182.26405655546,3.75E-08,3.00E-08,8.96E-07,0.000583247348414,4.34E-05,0.001333414774212,0.000165128236061,0.001724250204166,0,0.996149606964162,0.118465
,,,,,,2.72E-05,169820.7,0.689585174397303,1182.27472359687,3.86E-08,3.01E-08,8.98E-07,0.000584037122126,4.33E-05,0.001336644215078,0.000166778148833,0.001720228799901,0,0.996148034071944,0.118866
,,,,,,2.76E-05,169820.7,0.689585174397303,1182.28545266902,3.97E-08,3.01E-08,9.00E-07,0.000584836037424,4.32E-05,0.001339866910672,0.000168403338217,0.001716226415773,0,0.996146464600644,0.11926
,,,,,,2.79E-05,169820.7,0.689585174397303,1182.29624237585,4.08E-08,3.02E-08,9.02E-07,0.000585643964384,4.32E-05,0.001343082830607,0.000170004023844,0.001712242944372,0,0.996144898532571,0.119646
,,,,,,2.83E-05,169820.7,0.689585174397303,1182.30709135869,4.19E-08,3.02E-08,9.03E-07,0.0005864607737,4.31E-05,0.001346291949324,0.000171580428985,0.001708278274174,0,0.996143335850167,0.120025
,,,,,,2.86E-05,169820.7,0.689585174397303,1182.31799829414,4.30E-08,3.02E-08,9.04E-07,0.000587286336717,4.30E-05,0.001349494245722,0.000173132780111,0.00170433228994,0,0.996141776536015,0.120397
,,,,,,2.90E-05,169820.7,0.689585174397303,1182.3289618923,4.41E-08,3.02E-08,9.05E-07,0.000588120525474,4.29E-05,0.00135268970281,0.000174661306488,0.00170040487308,0,0.996140220572836,0.120761
,,,,,,2.93E-05,169820.7,0.689585174397303,1182.33998089496,4.52E-08,3.02E-08,9.05E-07,0.000588963212738,4.28E-05,0.001355878307389,0.000176166239795,0.001696495902003,0,0.996138667943495,0.121118
,,,,,,2.97E-05,169820.7,0.689585174397303,1182.35105407407,4.64E-08,3.03E-08,9.06E-07,0.000589814272038,4.28E-05,0.001359060049755,0.000177647813782,0.001692605252431,0,0.996137118630998,0.121468
,,,,,,3.02E-05,169820.7,0.689585174397303,1182.36791945729,4.81E-08,3.02E-08,9.06E-07,0.000591118440554,4.27E-05,0.001363864177933,0.000179847006715,0.001686749340941,0,0.996134779225563,0.121984
,,,,,,3.07E-05,169820.7,0.689585174397303,1182.38490223821,4.98E-08,3.02E-08,9.05E-07,0.000592441079324,4.25E-05,0.001368652552338,0.000181994017957,0.001680934687234,0,0.996132447326709,0.122485
,,,,,,3.13E-05,169820.7,0.689585174397303,1182.40199850502,5.15E-08,3.02E-08,9.04E-07,0.000593781760315,4.24E-05,0.001373425176868,0.000184089676133,0.001675160833606,0,0.996130122877375,0.12297
,,,,,,3.18E-05,169820.7,0.689585174397303,1182.41920447029,5.32E-08,3.02E-08,9.03E-07,0.000595140060197,4.23E-05,0.001378182067525,0.00018613481333,0.001669427314956,0,0.996127805821283,0.123439
,,,,,,3.23E-05,169820.7,0.689585174397303,1182.43651646318,5.50E-08,3.01E-08,9.01E-07,0.000596515560505,4.22E-05,0.001382923250987,0.000188130263395,0.001663733660323,0,0.996125496102929,0.123894
,,,,,,3.29E-05,169820.7,0.689585174397303,1182.45393092228,5.67E-08,3.00E-08,8.99E-07,0.000597907847784,4.21E-05,0.001387648763298,0.000190076860389,0.001658079394297,0,0.996123193667594,0.124333
,,,,,,3.34E-05,169820.7,0.689585174397303,1182.47144438906,5.84E-08,3.00E-08,8.96E-07,0.000599316513723,4.20E-05,0.001392358648689,0.000191975437175,0.001652464038288,0,0.996120898461338,0.124758
,,,,,,3.39E-05,169820.7,0.689585174397303,1182.48905350222,6.02E-08,2.99E-08,8.93E-07,0.000600741155263,4.19E-05,0.00139705295855,0.000193826824199,0.00164688711164,0,0.996118610431004,0.125168
,,,,,,3.45E-05,169820.7,0.689585174397303,1182.50675499252,6.19E-08,2.98E-08,8.90E-07,0.000602181374697,4.18E-05,0.001401731750514,0.000195631848411,0.001641348132611,0,0.996116329524209,0.125565
,,,,,,3.50E-05,169820.7,0.689585174397303,1182.52454567826,6.36E-08,2.97E-08,8.86E-07,0.000603636779751,4.17E-05,0.00140639508766,0.000197391332308,0.001635846619241,0,0.996114055689342,0.125947
,,,,,,3.55E-05,169820.7,0.689585174397303,1182.5424224611,6.53E-08,2.96E-08,8.82E-07,0.000605106983656,4.16E-05,0.00141104303778,0.000199106093074,0.001630382090137,0,0.996111788875564,0.126316
,,,,,,3.61E-05,169820.7,0.689585174397303,1182.56038232231,6.71E-08,2.95E-08,8.78E-07,0.000606591605211,4.15E-05,0.001415675672736,0.00020077694182,0.001624954065169,0,0.996109529032797,0.126672
,,,,,,3.66E-05,169820.7,0.689585174397303,1182.57842231939,6.88E-08,2.94E-08,8.74E-07,0.000608090268828,4.14E-05,0.001420293067889,0.000202404682913,0.001619562066087,0,0.99610727611172,0.127015
,,,,,,3.71E-05,169820.7,0.689585174397303,1182.59653958296,7.05E-08,2.93E-08,8.69E-07,0.000609602604574,4.13E-05,0.001424895301591,0.000203990113389,0.00161420561706,0,0.996105030063763,0.127344
,,,,,,3.77E-05,169820.7,0.689585174397303,1182.61473131405,7.22E-08,2.92E-08,8.65E-07,0.000611128248197,4.12E-05,0.001429482454735,0.000205534022439,0.001608884245162,0,0.996102790841097,0.127662
,,,,,,3.82E-05,169820.7,0.689585174397303,1182.63299478146,7.40E-08,2.91E-08,8.60E-07,0.000612666841151,4.11E-05,0.001434054610357,0.000207037190949,0.001603597480796,0,0.996100558396633,0.127966
,,,,,,3.87E-05,169820.7,0.689585174397303,1182.65132731949,7.57E-08,2.90E-08,8.55E-07,0.000614218030607,4.10E-05,0.001438611853275,0.000208500391106,0.001598344858069,0,0.996098332684004,0.128259
,,,,,,3.93E-05,169820.7,0.689585174397303,1182.66972632577,7.74E-08,2.89E-08,8.50E-07,0.000615781469458,4.09E-05,0.001443154269776,0.000209924386054,0.001593125915126,0,0.996096113657564,0.12854
,,,,,,3.98E-05,169820.7,0.689585174397303,1182.68818925925,7.91E-08,2.88E-08,8.44E-07,0.000617356816319,4.09E-05,0.001447681947335,0.000211309929595,0.001587940194441,0,0.99609390127238,0.12881
,,,,,,4.03E-05,169820.7,0.689585174397303,1182.70671363841,8.08E-08,2.87E-08,8.39E-07,0.000618943735516,4.08E-05,0.001452194974365,0.000212657765938,0.001582787243066,0,0.996091695484215,0.129068
,,,,,,4.09E-05,169820.7,0.689585174397303,1182.72529703949,8.25E-08,2.86E-08,8.34E-07,0.000620541897074,4.07E-05,0.001456693439993,0.000213968629482,0.001577666612859,0,0.996089496249529,0.129314
,,,,,,4.14E-05,169820.7,0.689585174397303,1182.74393709497,8.42E-08,2.85E-08,8.28E-07,0.000622150976698,4.06E-05,0.00146117743387,0.000215243244629,0.001572577860673,0,0.99608730352546,0.12955
,,,,,,4.19E-05,169820.7,0.689585174397303,1182.76263149198,8.59E-08,2.84E-08,8.23E-07,0.000623770655746,4.05E-05,0.001465647045988,0.000216482325641,0.001567520548521,0,0.996085117269824,0.129775
,,,,,,4.27E-05,169820.7,0.689585174397303,1182.79105092401,8.84E-08,2.82E-08,8.14E-07,0.000626243871487,4.04E-05,0.00147239105625,0.000218293338276,0.001559917939484,0,0.996081817447707,0.130097
,,,,,,4.35E-05,169820.7,0.689585174397303,1182.81958226918,9.10E-08,2.81E-08,8.06E-07,0.000628739632511,4.03E-05,0.001479102580292,0.000220026813734,0.001552385014696,0,0.996078532234314,0.130394
,,,,,,4.43E-05,169820.7,0.689585174397303,1182.84821816046,9.35E-08,2.79E-08,7.97E-07,0.000631256904026,4.02E-05,0.001485781931082,0.000221685099207,0.001544920322979,0,0.996075261491486,0.13067
,,,,,,4.51E-05,169820.7,0.689585174397303,1182.87695148507,9.60E-08,2.77E-08,7.88E-07,0.00063379468001,4.01E-05,0.001492429420138,0.000223270486478,0.001537522443078,0,0.996072005084351,0.130923
,,,,,,4.59E-05,169820.7,0.689585174397303,1182.90577537584,9.85E-08,2.76E-08,7.80E-07,0.000636351982817,4.00E-05,0.001499045356887,0.000224785211864,0.001530189984047,0,0.996068762881244,0.131156
,,,,,,4.68E-05,169820.7,0.689585174397303,1182.93468320283,1.01E-07,2.75E-08,7.71E-07,0.000638927862745,3.99E-05,0.001505630048114,0.000226231456291,0.001522921585518,0,0.996065534753626,0.131367
,,,,,,4.76E-05,169820.7,0.689585174397303,1182.96366856537,1.03E-07,2.73E-08,7.63E-07,0.000641521397591,3.98E-05,0.001512183797485,0.0002276113455,0.001515715917863,0,0.996062320576012,0.131559
,,,,,,4.84E-05,169820.7,0.689585174397303,1182.99272528445,1.06E-07,2.72E-08,7.55E-07,0.000644131692172,3.97E-05,0.001518706905168,0.00022892695042,0.001508571682232,0,0.996059120225883,0.131732
,,,,,,4.92E-05,169820.7,0.689585174397303,1183.02184739561,1.08E-07,2.70E-08,7.47E-07,0.000646757877822,3.96E-05,0.001525199667531,0.000230180287658,0.001501487610479,0,0.996055933583618,0.131886
,,,,,,5.00E-05,169820.7,0.689585174397303,1183.0510291419,1.11E-07,2.69E-08,7.39E-07,0.000649399111877,3.95E-05,0.001531662376898,0.000231373320092,0.001494462465009,0,0.996052760532411,0.132023
,,,,,,5.08E-05,169820.7,0.689585174397303,1183.08026496726,1.13E-07,2.68E-08,7.31E-07,0.000652054577145,3.94E-05,0.00153809532134,0.000232507957537,0.001487495038573,0,0.996049600958199,0.132141
,,,,,,5.16E-05,169820.7,0.689585174397303,1183.10954950992,1.16E-07,2.67E-08,7.23E-07,0.000654723481368,3.93E-05,0.00154449878451,0.000233586057472,0.001480584153994,0,0.996046454749586,0.132244
,,,,,,5.24E-05,169820.7,0.689585174397303,1183.13887759616,1.18E-07,2.66E-08,7.15E-07,0.000657405056673,3.92E-05,0.001550873045511,0.000234609425844,0.001473728663853,0,0.996043321797768,0.13233
,,,,,,5.32E-05,169820.7,0.689585174397303,1183.16824423422,1.20E-07,2.64E-08,7.08E-07,0.00066009855902,3.91E-05,0.001557218378803,0.000235579817911,0.00146692745011,0,0.996040201996466,0.1324
,,,,,,5.40E-05,169820.7,0.689585174397303,1183.19764460842,1.23E-07,2.63E-08,7.01E-07,0.000662803267645,3.90E-05,0.001563535054129,0.000236498939138,0.001460179423707,0,0.996037095241849,0.132455
,,,,,,5.48E-05,169820.7,0.689585174397303,1183.2270740734,1.25E-07,2.62E-08,6.94E-07,0.000665518484499,3.90E-05,0.001569823336466,0.00023736844612,0.001453483524126,0,0.996034001432466,0.132495
,,,,,,5.56E-05,169820.7,0.689585174397303,1183.25652814859,1.28E-07,2.61E-08,6.87E-07,0.000668243533697,3.89E-05,0.001576083485993,0.000238189947534,0.001446838718932,0,0.996030920469183,0.132522
,,,,,,5.64E-05,169820.7,0.689585174397303,1183.28600251283,1.30E-07,2.61E-08,6.80E-07,0.000670977760954,3.88E-05,0.001582315758077,0.000238965005112,0.00144024400328,0,0.996027852255108,0.132534
,,,,,,5.72E-05,169820.7,0.689585174397303,1183.3154929991,1.32E-07,2.60E-08,6.74E-07,0.000673720533039,3.87E-05,0.001588520403274,0.000239695134639,0.001433698399415,0,0.996024796695531,0.132534
,,,,,,5.80E-05,169820.7,0.689585174397303,1183.3449955895,1.35E-07,2.59E-08,6.68E-07,0.000676471237222,3.87E-05,0.001594697667344,0.000240381806953,0.001427200956149,0,0.996021753697859,0.132521
,,,,,,5.89E-05,169820.7,0.689585174397303,1183.37450641029,1.37E-07,2.58E-08,6.62E-07,0.000679229280732,3.86E-05,0.001600847791273,0.000241026448962,0.001420750748328,0,0.996018723171552,0.132495
,,,,,,5.97E-05,169820.7,0.689585174397303,1183.40402172717,1.39E-07,2.57E-08,6.56E-07,0.00068199409022,3.85E-05,0.00160697101131,0.00024163044466,0.001414346876291,0,0.996015705028065,0.132458
,,,,,,6.05E-05,169820.7,0.689585174397303,1183.43353794063,1.42E-07,2.57E-08,6.50E-07,0.000684765111231,3.85E-05,0.001613067559007,0.000242195136149,0.001407988465315,0,0.996012699180783,0.132409
,,,,,,6.13E-05,169820.7,0.689585174397303,1183.46305158145,1.44E-07,2.56E-08,6.45E-07,0.000687541807678,3.84E-05,0.001619137661273,0.00024272182466,0.001401674665067,0,0.996009705544969,0.13235
,,,,,,6.21E-05,169820.7,0.689585174397303,1183.49255930642,1.46E-07,2.55E-08,6.39E-07,0.000690323661329,3.83E-05,0.001625181540428,0.000243211771566,0.001395404649037,0,0.996006724037704,0.132279
,,,,,,6.29E-05,169820.7,0.689585174397303,1183.52205789411,1.48E-07,2.55E-08,6.34E-07,0.000693110171306,3.83E-05,0.001631199414266,0.000243666199393,0.001389177613984,0,0.996003754577832,0.132199
,,,,,,6.37E-05,169820.7,0.689585174397303,1183.55154424078,1.51E-07,2.54E-08,6.29E-07,0.000695900853581,3.82E-05,0.001637191496121,0.000244086292824,0.001382992779373,0,0.996000797085906,0.132108
,,,,,,6.45E-05,169820.7,0.689585174397303,1183.5810153565,1.53E-07,2.54E-08,6.25E-07,0.000698695240498,3.82E-05,0.001643157994942,0.00024447319969,0.001376849386817,0,0.995997851484138,0.132008
,,,,,,6.53E-05,169820.7,0.689585174397303,1183.61046836131,1.55E-07,2.53E-08,6.20E-07,0.000701492880288,3.81E-05,0.001649099115365,0.000244828031952,0.001370746699519,0,0.995994917696346,0.131899
,,,,,,6.61E-05,169820.7,0.689585174397303,1183.63990048151,1.57E-07,2.53E-08,6.16E-07,0.000704293336607,3.81E-05,0.00165501505779,0.000245151866676,0.001364684001721,0,0.995991995647901,0.131781
,,,,,,6.69E-05,169820.7,0.689585174397303,1183.66930904615,1.60E-07,2.52E-08,6.11E-07,0.00070709618808,3.80E-05,0.001660906018464,0.00024544574698,0.001358660598156,0,0.995989085265688,0.131655
,,,,,,6.77E-05,169820.7,0.689585174397303,1183.69869148357,1.62E-07,2.52E-08,6.07E-07,0.000709901027849,3.80E-05,0.001666772189563,0.000245710682986,0.001352675813505,0,0.995986186478049,0.13152
,,,,,,6.85E-05,169820.7,0.689585174397303,1183.72804531802,1.64E-07,2.52E-08,6.04E-07,0.000712707463143,3.79E-05,0.001672613759274,0.000245947652739,0.001346728991862,0,0.995983299214744,0.131377
,,,,,,6.93E-05,169820.7,0.689585174397303,1183.75736816651,1.66E-07,2.51E-08,6.00E-07,0.000715515114845,3.79E-05,0.001678430911883,0.000246157603123,0.001340819496203,0,0.995980423406906,0.131227
,,,,,,7.01E-05,169820.7,0.689585174397303,1183.78665773564,1.68E-07,2.51E-08,5.96E-07,0.000718323617083,3.78E-05,0.00168422382786,0.000246341450752,0.001334946707867,0,0.995977558986994,0.131069
,,,,,,7.10E-05,169820.7,0.689585174397303,1183.81591181861,1.71E-07,2.51E-08,5.93E-07,0.00072113261682,3.78E-05,0.001689992683946,0.000246500082847,0.001329110026041,0,0.995974705888756,0.130904
,,,,,,7.18E-05,169820.7,0.689585174397303,1183.84512829231,1.73E-07,2.51E-08,5.90E-07,0.000723941773461,3.77E-05,0.001695737653238,0.000246634358099,0.001323308867255,0,0.995971864047187,0.130733
,,,,,,7.26E-05,169820.7,0.689585174397303,1183.8743051145,1.75E-07,2.50E-08,5.86E-07,0.000726750758466,3.77E-05,0.001701458905282,0.000246745107507,0.001317542664888,0,0.99596903339849,0.130555
,,,,,,7.34E-05,169820.7,0.689585174397303,1183.9034403211,1.77E-07,2.50E-08,5.83E-07,0.000729559254976,3.76E-05,0.001707156606155,0.000246833135202,0.001311810868681,0,0.995966213880034,0.13037
,,,,,,7.46E-05,169820.7,0.689585174397303,1183.94716266078,1.80E-07,2.50E-08,5.79E-07,0.00073378024239,3.76E-05,0.001715679134169,0.000246924425519,0.001303256693951,0,0.995961995545609,0.130082
,,,,,,7.58E-05,169820.7,0.689585174397303,1183.99078056543,1.84E-07,2.50E-08,5.75E-07,0.000737998445297,3.75E-05,0.001724149330475,0.00024696864362,0.001294777339434,0,0.995957802028116,0.129781
,,,,,,7.70E-05,169820.7,0.689585174397303,1184.03428827855,1.87E-07,2.50E-08,5.71E-07,0.000742212924878,3.75E-05,0.001732567717922,0.000246968203912,0.001286371129352,0,0.995953633128518,0.129467
,,,,,,7.82E-05,169820.7,0.689585174397303,1184.07768038016,1.90E-07,2.49E-08,5.68E-07,0.000746422793161,3.74E-05,0.001740934803824,0.000246925403152,0.001278036459841,0,0.995949488652869,0.129142
,,,,,,7.94E-05,169820.7,0.689585174397303,1184.12095177002,1.93E-07,2.49E-08,5.65E-07,0.000750627210611,3.74E-05,0.001749251080592,0.000246842425865,0.001269771795708,0,0.995945368412072,0.128806
,,,,,,8.07E-05,169820.7,0.689585174397303,1184.16409765154,1.96E-07,2.49E-08,5.62E-07,0.000754825383802,3.73E-05,0.001757517026348,0.00024672134958,0.00126157566729,0,0.995941272221649,0.128461
,,,,,,8.19E-05,169820.7,0.689585174397303,1184.20711351648,1.99E-07,2.49E-08,5.59E-07,0.000759016563196,3.73E-05,0.00176573310553,0.000246564149867,0.001253446667416,0,0.995937199901526,0.128105
,,,,,,8.31E-05,169820.7,0.689585174397303,1184.24999513042,2.03E-07,2.49E-08,5.56E-07,0.000763200041016,3.72E-05,0.001773899769472,0.000246372705163,0.001245383448505,0,0.995933151275822,0.127741
,,,,,,8.43E-05,169820.7,0.689585174397303,1184.29273851899,2.06E-07,2.50E-08,5.54E-07,0.000767375149221,3.72E-05,0.001782017456973,0.000246148801386,0.001237384719776,0,0.995929126172653,0.127368
,,,,,,8.55E-05,169820.7,0.689585174397303,1184.33533995487,2.09E-07,2.50E-08,5.52E-07,0.000771541257567,3.71E-05,0.001790086594845,0.000245894136359,0.001229449244569,0,0.995925124423942,0.126988
,,,,,,8.67E-05,169820.7,0.689585174397303,1184.37779594526,2.12E-07,2.50E-08,5.50E-07,0.000775697771761,3.71E-05,0.001798107598438,0.000245610324047,0.001221575837787,0,0.995921145865245,0.1266
,,,,,,8.79E-05,169820.7,0.689585174397303,1184.42010322012,2.15E-07,2.50E-08,5.48E-07,0.000779844131694,3.70E-05,0.001806080872155,0.000245298898608,0.001213763363432,0,0.995917190335576,0.126205
,,,,,,8.91E-05,169820.7,0.689585174397303,1184.46225872087,2.18E-07,2.50E-08,5.46E-07,0.00078397980975,3.70E-05,0.001814006809937,0.000244961318271,0.001206010732255,0,0.995913257677248,0.125803
,,,,,,9.04E-05,169820.7,0.689585174397303,1184.50425958972,2.21E-07,2.50E-08,5.45E-07,0.000788104309202,3.70E-05,0.001821885795736,0.000244598969037,0.001198316899512,0,0.99590934773572,0.125396
,,,,,,9.16E-05,169820.7,0.689585174397303,1184.54610315953,2.24E-07,2.51E-08,5.43E-07,0.000792217162682,3.69E-05,0.001829718203969,0.000244213168208,0.001190680862813,0,0.995905460359448,0.124983
,,,,,,9.28E-05,169820.7,0.689585174397303,1184.58778694416,2.27E-07,2.51E-08,5.42E-07,0.000796317930717,3.69E-05,0.001837504399949,0.000243805167758,0.001183101660073,0,0.99590159539975,0.124565
,,,,,,9.40E-05,169820.7,0.689585174397303,1184.62930862928,2.30E-07,2.51E-08,5.41E-07,0.00080040620034,3.68E-05,0.0018452447403,0.000243376157555,0.001175578367559,0,0.995897752710673,0.124141
,,,,,,9.58E-05,169820.7,0.689585174397303,1184.69134309355,2.35E-07,2.52E-08,5.39E-07,0.000806520298466,3.68E-05,0.001856781273523,0.000242695019701,0.00116438543322,0,0.995892024539067,0.123497
,,,,,,9.76E-05,169820.7,0.689585174397303,1184.7530006712,2.39E-07,2.52E-08,5.38E-07,0.000812604138847,3.67E-05,0.001868216358674,0.000241972646285,0.001153313693401,0,0.995886345777194,0.122844
,,,,,,9.95E-05,169820.7,0.689585174397303,1184.81427545471,2.44E-07,2.53E-08,5.37E-07,0.000818656621322,3.67E-05,0.001879551104236,0.000241212366167,0.001142360453546,0,0.995880715962011,0.122183
,,,,,,0.000101278785702,169820.7,0.689585174397303,1184.87516220913,2.48E-07,2.53E-08,5.37E-07,0.000824676749847,3.67E-05,0.00189078658374,0.000240417263384,0.001131523170869,0,0.995875134641478,0.121515
,,,,,,0.000103099818029,169820.7,0.689585174397303,1184.93565632161,2.52E-07,2.54E-08,5.36E-07,0.000830663624769,3.66E-05,0.001901923838116,0.00023959019508,0.001120799443433,0,0.995869601373839,0.12084
,,,,,,0.000104920850356,169820.7,0.689585174397303,1184.99575375397,2.57E-07,2.55E-08,5.36E-07,0.000836616435565,3.66E-05,0.001912963877887,0.000238733808351,0.001110186999885,0,0.995864115726948,0.12016
,,,,,,0.000106741882683,169820.7,0.689585174397303,1185.05545099858,2.61E-07,2.56E-08,5.35E-07,0.000842534454067,3.65E-05,0.001923907685235,0.000237850555958,0.001099683689894,0,0.995858677277651,0.119474
,,,,,,0.00010856291501,169820.7,0.689585174397303,1185.11474503767,2.65E-07,2.56E-08,5.35E-07,0.000848417028228,3.65E-05,0.001934756215891,0.00023694271081,0.001089287475322,0,0.995853285611203,0.118785
,,,,,,0.000110383947337,169820.7,0.689585174397303,1185.173633306,2.70E-07,2.57E-08,5.36E-07,0.000854263576377,3.64E-05,0.001945510400887,0.000236012379296,0.001078996422112,0,0.99584794032075,0.118092
,,,,,,0.000112204979665,169820.7,0.689585174397303,1185.23211365619,2.74E-07,2.58E-08,5.36E-07,0.000860073581896,3.64E-05,0.001956171148172,0.000235061513642,0.001068808692766,0,0.995842641006841,0.117397
,,,,,,0.000114026011992,169820.7,0.689585174397303,1185.29018432656,2.78E-07,2.59E-08,5.36E-07,0.000865846588272,3.64E-05,0.001966739344118,0.000234091923393,0.001058722539355,0,0.995837387276974,0.116698
,,,,,,0.000115847044319,169820.7,0.689585174397303,1185.34784391121,2.83E-07,2.60E-08,5.37E-07,0.000871582194511,3.63E-05,0.001977215854909,0.000233105286058,0.00104873629704,0,0.995832178745185,0.115998
,,,,,,0.000117668076646,169820.7,0.689585174397303,1185.4050913325,2.87E-07,2.60E-08,5.37E-07,0.000877280050898,3.63E-05,0.001987601527829,0.000232103156945,0.001038848378098,0,0.99582701503166,0.115297
,,,,,,0.000119489108973,169820.7,0.689585174397303,1185.46192581553,2.91E-07,2.61E-08,5.38E-07,0.00088293985508,3.63E-05,0.001997897192447,0.000231086978244,0.001029057266391,0,0.995821895762384,0.114594
,,,,,,0.0001213101413,169820.7,0.689585174397303,1185.5183468646,2.95E-07,2.62E-08,5.39E-07,0.000888561348445,3.62E-05,0.002008103661718,0.000230058087432,0.001019361512264,0,0.995816820568813,0.113891
,,,,,,0.000123131173627,169820.7,0.689585174397303,1185.57435424132,2.99E-07,2.63E-08,5.40E-07,0.000894144312764,3.62E-05,0.002018221732992,0.000229017725051,0.001009759727815,0,0.995811789087575,0.113188
,,,,,,0.000124952205954,169820.7,0.689585174397303,1185.62994794443,3.03E-07,2.64E-08,5.41E-07,0.000899688567084,3.62E-05,0.002028252188953,0.00022796704191,0.001000250582522,0,0.995806800960189,0.112484
,,,,,,0.000126773238281,169820.7,0.689585174397303,1185.68512819106,3.07E-07,2.65E-08,5.42E-07,0.000905193964859,3.61E-05,0.002038195798487,0.000226907105732,0.000990832799205,0,0.99580185583281,0.111781
,,,,,,0.000128594270608,169820.7,0.689585174397303,1185.7398953995,3.12E-07,2.66E-08,5.43E-07,0.000910660391296,3.61E-05,0.002048053317477,0.000225838907309,0.000981505150296,0,0.995796953355993,0.111079
,,,,,,0.000130415302935,169820.7,0.689585174397303,1185.79425017318,3.16E-07,2.67E-08,5.44E-07,0.000916087760896,3.61E-05,0.002057825489547,0.000224763366179,0.000972266454383,0,0.995792093184472,0.110378
,,,,,,0.000132236335262,169820.7,0.689585174397303,1185.84819328586,3.20E-07,2.68E-08,5.45E-07,0.00092147601519,3.60E-05,0.002067513046737,0.00022368133589,0.00096311557303,0,0.995787274976962,0.109677
,,,,,,0.000134057367589,169820.7,0.689585174397303,1185.90172566798,3.24E-07,2.69E-08,5.47E-07,0.00092682512063,3.60E-05,0.002077116710137,0.000222593608859,0.000954051407822,0,0.995782498395973,0.108979
,,,,,,0.000135878399916,169820.7,0.689585174397303,1185.95484839397,3.28E-07,2.70E-08,5.48E-07,0.000932135066656,3.60E-05,0.002086637190469,0.000221500920866,0.000945072897645,0,0.995777763107635,0.108281
,,,,,,0.000137699432243,169820.7,0.689585174397303,1186.00756267057,3.32E-07,2.71E-08,5.49E-07,0.00093740586389,3.60E-05,0.002096075188624,0.000220403955208,0.000936179016164,0,0.995773068781542,0.107586
,,,,,,0.00013952046457,169820.7,0.689585174397303,1186.05986982597,3.36E-07,2.72E-08,5.51E-07,0.000942637542484,3.59E-05,0.002105431396154,0.000219303346539,0.000927368769502,0,0.995768415090609,0.106892
,,,,,,0.000141341496897,169820.7,0.689585174397303,1186.11177129983,3.39E-07,2.73E-08,5.52E-07,0.000947830150578,3.59E-05,0.002114706495737,0.00021819968443,0.000918641194084,0,0.995763801710934,0.106201
,,,,,,0.000143162529224,169820.7,0.689585174397303,1186.16326863397,3.43E-07,2.74E-08,5.54E-07,0.000952983752878,3.59E-05,0.002123901161599,0.000217093516642,0.00090999535465,0,0.995759228321674,0.105512
,,,,,,0.000144983561551,169820.7,0.689585174397303,1186.21436346384,3.47E-07,2.75E-08,5.55E-07,0.000958098429347,3.58E-05,0.002133016059902,0.000215985352177,0.000901430342417,0,0.995754694604932,0.104825
,,,,,,0.000146804593878,169820.7,0.689585174397303,1186.26505751056,3.51E-07,2.77E-08,5.57E-07,0.000963174273982,3.58E-05,0.002142051849109,0.000214875664079,0.000892945273377,0,0.99575020024565,0.104141
,,,,,,0.000148625626205,169820.7,0.689585174397303,1186.31535257359,3.55E-07,2.78E-08,5.59E-07,0.000968211393692,3.58E-05,0.002151009180318,0.000213764892038,0.000884539286724,0,0.995745744931515,0.103459
,,,,,,0.000150446658532,169820.7,0.689585174397303,1186.36525052393,3.59E-07,2.79E-08,5.60E-07,0.000973209907258,3.58E-05,0.002159888697571,0.000212653444793,0.000876211543405,0,0.995741328352863,0.10278
,,,,,,0.00015226769086,169820.7,0.689585174397303,1186.41475329786,3.63E-07,2.80E-08,5.62E-07,0.000978169944366,3.57E-05,0.002168691038139,0.000211541702357,0.00086796122477,0,0.995736950202603,0.102104
,,,,,,0.000154088723187,169820.7,0.689585174397303,1186.46386289111,3.66E-07,2.81E-08,5.64E-07,0.000983091644717,3.57E-05,0.002177416832789,0.00021043001808,0.000859787531331,0,0.995732610176134,0.101431
,,,,,,0.000155909755514,169820.7,0.689585174397303,1186.51258135346,3.70E-07,2.82E-08,5.66E-07,0.000987975157202,3.57E-05,0.002186066706024,0.000209318720548,0.000851689681607,0,0.995728307971281,0.100761
,,,,,,0.000157730787841,169820.7,0.689585174397303,1186.56091078378,3.74E-07,2.83E-08,5.68E-07,0.000992820639135,3.57E-05,0.002194641276314,0.000208208115352,0.000843666911063,0,0.995724043288224,0.100094
,,,,,,0.000159551820168,169820.7,0.689585174397303,1186.60885332542,3.78E-07,2.85E-08,5.69E-07,0.000997628255548,3.56E-05,0.002203141156302,0.000207098486719,0.000835718471124,0,0.99571981582944,0.0994302
,,,,,,0.000161372852495,169820.7,0.689585174397303,1186.65641116191,3.81E-07,2.86E-08,5.71E-07,0.001002398178535,3.56E-05,0.002211566952999,0.000205990099027,0.000827843628259,0,0.99571562529965,0.0987694
,,,,,,0.000164136466387,169820.7,0.689585174397303,1186.72785538454,3.87E-07,2.88E-08,5.74E-07,0.001009565446803,3.56E-05,0.002224213831853,0.000204310917042,0.000816031691291,0,0.995709335608801,0.0977729
,,,,,,0.00016690008028,169820.7,0.689585174397303,1186.79842659836,3.92E-07,2.89E-08,5.77E-07,0.001016646964172,3.55E-05,0.002236693550519,0.000202635940553,0.000804385149024,0,0.995703129280889,0.0967841
,,,,,,0.000169663694173,169820.7,0.689585174397303,1186.86813284751,3.98E-07,2.91E-08,5.80E-07,0.001023643407186,3.55E-05,0.002249008161682,0.000200965873533,0.000792901610881,0,0.995697005311891,0.095803
,,,,,,0.000172427308065,169820.7,0.689585174397303,1186.93698229847,4.03E-07,2.93E-08,5.83E-07,0.00103055547589,3.54E-05,0.00226115969227,0.000199301346842,0.000781578746681,0,0.995690962708508,0.0948298
,,,,,,0.000175190921958,169820.7,0.689585174397303,1187.00498321913,4.09E-07,2.95E-08,5.86E-07,0.00103738389063,3.54E-05,0.0022731501444,0.000197642925618,0.000770414282189,0,0.995685000487896,0.0938647
,,,,,,0.000177954535851,169820.7,0.689585174397303,1187.07214395971,4.14E-07,2.97E-08,5.89E-07,0.00104412938911,3.53E-05,0.002284981496244,0.000195991116055,0.000759405995032,0,0.995679117677418,0.0929076
,,,,,,0.000180718149743,169820.7,0.689585174397303,1187.13847293556,4.19E-07,2.99E-08,5.92E-07,0.001050792723745,3.53E-05,0.00229665570282,0.000194346371518,0.000748551711007,0,0.995673313314433,0.0919587
,,,,,,0.000183481763636,169820.7,0.689585174397303,1187.20397861198,4.25E-07,3.01E-08,5.95E-07,0.001057374659329,3.53E-05,0.002308174696676,0.000192709097925,0.000737849300848,0,0.995667586446096,0.091018
,,,,,,0.000186245377529,169820.7,0.689585174397303,1187.26866949088,4.30E-07,3.03E-08,5.99E-07,0.001063875970985,3.52E-05,0.0023195403885,0.000191079658466,0.000727296677373,0,0.995661936129197,0.0900856
,,,,,,0.000189008991421,169820.7,0.689585174397303,1187.33255409884,4.35E-07,3.05E-08,6.02E-07,0.001070297442329,3.52E-05,0.002330754667666,0.000189458377851,0.000716891792932,0,0.99565636143,0.0891614
,,,,,,0.000191772605314,169820.7,0.689585174397303,1187.39564097644,4.40E-07,3.07E-08,6.05E-07,0.001076639863808,3.51E-05,0.002341819402734,0.000187845546146,0.000706632637087,0,0.995650861424114,0.0882455
,,,,,,0.000194536219207,169820.7,0.689585174397303,1187.45793866858,4.45E-07,3.09E-08,6.08E-07,0.001082904031218,3.51E-05,0.002352736441902,0.00018624142221,0.000696517234536,0,0.995645435196365,0.087338
,,,,,,0.000197299833099,169820.7,0.689585174397303,1187.51945571591,4.50E-07,3.11E-08,6.12E-07,0.001089090744377,3.50E-05,0.002363507613402,0.000184646236753,0.000686543643266,0,0.995640081840688,0.0864387
,,,,,,0.000200063446992,169820.7,0.689585174397303,1187.58020064725,4.55E-07,3.13E-08,6.15E-07,0.001095200805954,3.50E-05,0.002374134725861,0.000183060195062,0.000676709952907,0,0.995634800460024,0.0855478
,,,,,,0.000202827060884,169820.7,0.689585174397303,1187.64018197276,4.60E-07,3.15E-08,6.18E-07,0.001101235020408,3.49E-05,0.002384619568633,0.00018148347945,0.000667014283238,0,0.99562959016623,0.0846652
,,,,,,0.000205590674777,169820.7,0.689585174397303,1187.69940817787,4.65E-07,3.17E-08,6.21E-07,0.00110719419305,3.49E-05,0.002394963912098,0.000179916251462,0.000657454782853,0,0.995624450079998,0.0837908
,,,,,,0.00020835428867,169820.7,0.689585174397303,1187.75788771785,4.70E-07,3.20E-08,6.25E-07,0.001113079129185,3.49E-05,0.002405169507932,0.000178358653848,0.000648029627949,0,0.995619379330776,0.0829247
,,,,,,0.000211117902562,169820.7,0.689585174397303,1187.81562901287,4.75E-07,3.22E-08,6.28E-07,0.001118890633366,3.48E-05,0.002415238089358,0.000176810812336,0.000638737021249,0,0.995614377056699,0.0820668
,,,,,,0.000213881516455,169820.7,0.689585174397303,1187.87264044376,4.80E-07,3.24E-08,6.32E-07,0.001124629508708,3.48E-05,0.002425171371368,0.000175272837216,0.000629575191021,0,0.995609442404525,0.0812171
,,,,,,0.000216645130348,169820.7,0.689585174397303,1187.92893034807,4.85E-07,3.26E-08,6.35E-07,0.001130296556287,3.47E-05,0.002434971050939,0.000173744824773,0.000620542390196,0,0.995604574529573,0.0803755
,,,,,,0.00021940874424,169820.7,0.689585174397303,1187.98450701667,4.90E-07,3.28E-08,6.38E-07,0.001135892574597,3.47E-05,0.002444638807227,0.000172226858573,0.000611636895564,0,0.995599772595666,0.0795421
,,,,,,0.000222172358133,169820.7,0.689585174397303,1188.03937869067,4.94E-07,3.31E-08,6.42E-07,0.001141418359063,3.46E-05,0.002454176301743,0.000170719010617,0.00060285700705,0,0.995595035775077,0.0787168
,,,,,,0.000224935972026,169820.7,0.689585174397303,1188.09355355862,4.99E-07,3.33E-08,6.45E-07,0.001146874701607,3.46E-05,0.002463585178527,0.000169221342389,0.000594201047054,0,0.995590363248479,0.0778995
,,,,,,0.000227699585918,169820.7,0.689585174397303,1188.14703975413,5.04E-07,3.35E-08,6.49E-07,0.001152262390258,3.45E-05,0.002472867064302,0.00016773390579,0.000585667359853,0,0.995585754204894,0.0770901
,,,,,,0.000231880866042,169820.7,0.689585174397303,1188.22667182966,5.11E-07,3.39E-08,6.54E-07,0.001160285061281,3.45E-05,0.002486672493893,0.000165502995073,0.000572984912711,0,0.995578899733821,0.0758807
,,,,,,0.000236062146165,169820.7,0.689585174397303,1188.30477365518,5.17E-07,3.42E-08,6.59E-07,0.001168155064579,3.44E-05,0.002500196409748,0.000163295717843,0.000560573053141,0,0.995572186001963,0.0746893
,,,,,,0.000240243426289,169820.7,0.689585174397303,1188.38137262113,5.24E-07,3.46E-08,6.64E-07,0.001175875068634,3.43E-05,0.002513444224215,0.000161112153257,0.000548426316355,0,0.995565610308171,0.0735157
,,,,,,0.000244424706412,169820.7,0.689585174397303,1188.45649578493,5.31E-07,3.49E-08,6.70E-07,0.001183447714205,3.42E-05,0.002526421262468,0.000158952348581,0.000536539340011,0,0.995559169993865,0.0723598
,,,,,,0.000248605986536,169820.7,0.689585174397303,1188.53016986241,5.37E-07,3.53E-08,6.75E-07,0.001190875612878,3.42E-05,0.002539132763436,0.000156816323024,0.000524906861488,0,0.995552862442695,0.0712212
,,,,,,0.000252787266659,169820.7,0.689585174397303,1188.60242122058,5.44E-07,3.57E-08,6.80E-07,0.001198161345812,3.41E-05,0.002551583880708,0.000154704071188,0.000513523715355,0,0.995546685080202,0.0700999
,,,,,,0.000256968546782,169820.7,0.689585174397303,1188.67327587162,5.50E-07,3.60E-08,6.86E-07,0.001205307462667,3.40E-05,0.00256377968342,0.000152615566099,0.000502384831065,0,0.995540635373476,0.0689956
,,,,,,0.000261149826906,169820.7,0.689585174397303,1188.74275946839,5.57E-07,3.64E-08,6.91E-07,0.001212316480755,3.39E-05,0.002575725157108,0.000150550761773,0.000491485230893,0,0.995534710830819,0.0679082
,,,,,,0.000265331107029,169820.7,0.689585174397303,1188.81089730112,5.63E-07,3.68E-08,6.97E-07,0.001219190884376,3.38E-05,0.002587425204543,0.000148509595395,0.000480820028079,0,0.995528909001397,0.0668373
,,,,,,0.000269512387153,169820.7,0.689585174397303,1188.87771429508,5.69E-07,3.72E-08,7.02E-07,0.001225933124287,3.38E-05,0.002598884646558,0.000146491989209,0.000470384425112,0,0.995523227474894,0.0657829
,,,,,,0.000273693667276,169820.7,0.689585174397303,1188.94323500894,5.76E-07,3.76E-08,7.08E-07,0.001232545617276,3.37E-05,0.002610108222877,0.000144497852213,0.000460173712108,0,0.995517663881155,0.0647446
,,,,,,0.0002778749474,169820.7,0.689585174397303,1189.00748363382,5.82E-07,3.80E-08,7.13E-07,0.001239030745837,3.36E-05,0.002621100592937,0.000142527081639,0.000450183265289,0,0.995512215889823,0.0637224
,,,,,,0.000282056227523,169820.7,0.689585174397303,1189.07048399297,5.88E-07,3.84E-08,7.18E-07,0.001245390857939,3.35E-05,0.002631866336716,0.000140579564241,0.000440408545551,0,0.995506881209975,0.0627159
,,,,,,0.000286237507647,169820.7,0.689585174397303,1189.13225954216,5.94E-07,3.88E-08,7.24E-07,0.001251628266887,3.34E-05,0.002642409955559,0.000138655177416,0.000430845097111,0,0.995501657589738,0.0617249
,,,,,,0.00029041878777,169820.7,0.689585174397303,1189.19283337037,5.99E-07,3.92E-08,7.29E-07,0.001257745251239,3.34E-05,0.00265273587301,0.000136753790195,0.000421488546204,0,0.995496542815915,0.0607493
,,,,,,0.000294600067894,169820.7,0.689585174397303,1189.25222820103,6.05E-07,3.96E-08,7.35E-07,0.00126374405479,3.33E-05,0.002662848435653,0.000134875264125,0.000412334599833,0,0.995491534713589,0.0597889
,,,,,,0.000298781348017,169820.7,0.689585174397303,1189.31046639356,6.11E-07,4.01E-08,7.40E-07,0.001269626886604,3.32E-05,0.002672751913955,0.000133019454057,0.000403379044549,0,0.995486631145733,0.0588434
,,,,,,0.00030296262814,169820.7,0.689585174397303,1189.36756994524,6.17E-07,4.05E-08,7.46E-07,0.001275395921095,3.31E-05,0.00268245050312,0.000131186208833,0.000394617745276,0,0.995481830012801,0.0579126
,,,,,,0.000307143908264,169820.7,0.689585174397303,1189.42356049344,6.22E-07,4.09E-08,7.52E-07,0.001281053298148,3.30E-05,0.002691948323945,0.000129375371904,0.000386046644154,0,0.995477129252322,0.0569964
,,,,,,0.00031354622496,169820.7,0.689585174397303,1189.50718401418,6.31E-07,4.16E-08,7.60E-07,0.001289504209537,3.29E-05,0.002706111401382,0.000126645698751,0.000373282213344,0,0.995470121412385,0.0556211
,,,,,,0.000319948541655,169820.7,0.689585174397303,1189.58832264799,6.39E-07,4.23E-08,7.69E-07,0.001297705667809,3.28E-05,0.002719827441508,0.000123967584404,0.00036094043728,0,0.995463337050247,0.0542787
,,,,,,0.000326350858351,169820.7,0.689585174397303,1189.6670492539,6.47E-07,4.30E-08,7.77E-07,0.001305664890532,3.26E-05,0.002733110252545,0.000121340410173,0.000349007764077,0,0.995456769253152,0.0529684
,,,,,,0.000332753175047,169820.7,0.689585174397303,1189.74343479247,6.55E-07,4.37E-08,7.86E-07,0.001313388911475,3.25E-05,0.002745973258213,0.000118763540285,0.000337471035839,0,0.995450411300291,0.0516895
,,,,,,0.000339155491742,169820.7,0.689585174397303,1189.8175483549,6.63E-07,4.45E-08,7.94E-07,0.001320884583088,3.24E-05,0.002758429505296,0.000116236324511,0.000326317479828,0,0.995444256659089,0.0504413
,,,,,,0.000345557808438,169820.7,0.689585174397303,1189.88945719306,6.71E-07,4.52E-08,8.03E-07,0.001328158579108,3.22E-05,0.002770491671274,0.000113758100586,0.00031553469966,0,0.995438298981459,0.0492231
,,,,,,0.000351960125134,169820.7,0.689585174397303,1189.95922675079,6.78E-07,4.60E-08,8.12E-07,0.001335217397318,3.21E-05,0.002782172071992,0.000111328196371,0.000305110666597,0,0.995432532100036,0.0480343
,,,,,,0.00035836244183,169820.7,0.689585174397303,1190.02692069626,6.86E-07,4.68E-08,8.20E-07,0.001342067362474,3.20E-05,0.002793482669341,0.000108945931683,0.000295033710961,0,0.995426950024376,0.0468742
,,,,,,0.000364764758525,169820.7,0.689585174397303,1190.09260095538,6.93E-07,4.76E-08,8.29E-07,0.001348714629375,3.18E-05,0.002804435078965,0.000106610619865,0.000285292513659,0,0.995421546937144,0.045742
,,,,,,0.000371167075221,169820.7,0.689585174397303,1190.1563277458,7.00E-07,4.84E-08,8.38E-07,0.001355165186007,3.17E-05,0.00281504057797,0.000104321569214,0.000275876097755,0,0.995416317190283,0.0446373
,,,,,,0.000377569391917,169820.7,0.689585174397303,1190.21815961133,7.08E-07,4.92E-08,8.46E-07,0.001361424856742,3.16E-05,0.002825310112642,0.000102078084303,0.000266773820104,0,0.995411255301197,0.0435594
,,,,,,0.000383971708612,169820.7,0.689585174397303,1190.27815345674,7.14E-07,5.00E-08,8.55E-07,0.001367499305591,3.14E-05,0.002835254306136,9.99E-05,0.000257975363072,0,0.995406355948928,0.0425075
,,,,,,0.000390374025308,169820.7,0.689585174397303,1190.33636458266,7.21E-07,5.09E-08,8.64E-07,0.001373394039497,3.13E-05,0.002844883466108,9.77E-05,0.000249470726369,0,0.995401613970357,0.0414812
,,,,,,0.000396776342004,169820.7,0.689585174397303,1190.39284672069,7.28E-07,5.18E-08,8.73E-07,0.001379114411668,3.11E-05,0.002854207592311,9.56E-05,0.00024125021897,0,0.995397024356421,0.0404799
,,,,,,0.000403178658699,169820.7,0.689585174397303,1190.44765206869,7.35E-07,5.27E-08,8.81E-07,0.001384665624913,3.10E-05,0.002863236384155,9.35E-05,0.000233304451114,0,0.995392582248348,0.0395029
,,,,,,0.000409580975395,169820.7,0.689585174397303,1190.50083132597,7.41E-07,5.36E-08,8.90E-07,0.001390052734996,3.09E-05,0.002871979248199,9.15E-05,0.000225624326397,0,0.99538828293393,0.0385496
,,,,,,0.000415983292091,169820.7,0.689585174397303,1190.55243372826,7.48E-07,5.45E-08,8.99E-07,0.00139528065397,3.07E-05,0.002880445305559,8.95E-05,0.000218201033992,0,0.995384121843827,0.0376196
,,,,,,0.000422385608787,169820.7,0.689585174397303,1190.60250708243,7.54E-07,5.54E-08,9.08E-07,0.001400354153513,3.06E-05,0.002888643399223,8.76E-05,0.000211026040982,0,0.995380094547913,0.0367122
,,,,,,0.000428787925482,169820.7,0.689585174397303,1190.65109780112,7.60E-07,5.64E-08,9.16E-07,0.001405277868245,3.04E-05,0.00289658210129,8.57E-05,0.000204091084801,0,0.99537619675166,0.035827
,,,,,,0.000435190242178,169820.7,0.689585174397303,1190.69825093716,7.66E-07,5.74E-08,9.25E-07,0.001410056299024,3.03E-05,0.002904269720136,8.38E-05,0.00019738816578,0,0.995372424292572,0.0349633
,,,,,,0.000441592558874,169820.7,0.689585174397303,1190.74401021758,7.73E-07,5.84E-08,9.34E-07,0.00141469381622,3.01E-05,0.002911714307451,8.20E-05,0.000190909539832,0,0.995368773136672,0.0341208
,,,,,,0.000447994875569,169820.7,0.689585174397303,1190.78841807706,7.78E-07,5.94E-08,9.43E-07,0.001419194662942,3.00E-05,0.002918923665169,8.02E-05,0.00018464771127,0,0.99536523937503,0.0332988
,,,,,,0.000454397192265,169820.7,0.689585174397303,1190.83151569094,7.84E-07,6.04E-08,9.52E-07,0.001423562958235,2.99E-05,0.002925905352287,7.85E-05,0.000178595425757,0,0.995361819220361,0.0324969
,,,,,,0.000460799508961,169820.7,0.689585174397303,1190.87334300815,7.90E-07,6.15E-08,9.61E-07,0.001427802700245,2.97E-05,0.002932666691588,7.67E-05,0.000172745663366,0,0.995358509003667,0.0317146
,,,,,,0.000467201825656,169820.7,0.689585174397303,1190.91393878364,7.96E-07,6.25E-08,9.69E-07,0.001431917769344,2.96E-05,0.002939214776235,7.51E-05,0.000167091631794,0,0.995355305170948,0.0309515
,,,,,,0.000473604142352,169820.7,0.689585174397303,1190.95334060994,8.01E-07,6.36E-08,9.78E-07,0.00143591193119,2.94E-05,0.002945556476222,7.34E-05,0.000161626759718,0,0.995352204279962,0.030207
,,,,,,0.000480006459048,169820.7,0.689585174397303,1190.99158494816,8.07E-07,6.47E-08,9.87E-07,0.001439788839758,2.93E-05,0.002951698444726,7.18E-05,0.000156344690283,0,0.995349202997063,0.0294807
,,,,,,0.000486408775744,169820.7,0.689585174397303,1191.0287071587,8.12E-07,6.59E-08,9.96E-07,0.001443552040305,2.92E-05,0.002957647124346,7.02E-05,0.000151239274719,0,0.995346298094083,0.0287722
,,,,,,0.000492811092439,169820.7,0.689585174397303,1191.06474153185,8.18E-07,6.70E-08,1.00E-06,0.001447204972313,2.90E-05,0.002963408753181,6.87E-05,0.000146304566112,0,0.995343486445294,0.028081
,,,,,,0.000499213409135,169820.7,0.689585174397303,1191.09972131729,8.23E-07,6.82E-08,1.01E-06,0.001450750972346,2.89E-05,0.002968989370752,6.72E-05,0.000141534813333,0,0.995340765024425,0.0274068
,,,,,,0.000505615725831,169820.7,0.689585174397303,1191.13367875262,8.28E-07,6.94E-08,1.02E-06,0.001454193276868,2.87E-05,0.002974394823839,6.57E-05,0.0001369244551,0,0.995338130901747,0.026749
,,,,,,0.000512018042526,169820.7,0.689585174397303,1191.16664509149,8.33E-07,7.06E-08,1.03E-06,0.001457535025003,2.86E-05,0.002979630772266,6.43E-05,0.00013246811412,0,0.995335581241222,0.0261074
,,,,,,0.000518420359222,169820.7,0.689585174397303,1191.19865063217,8.38E-07,7.19E-08,1.04E-06,0.001460779261258,2.84E-05,0.00298470269449,6.29E-05,0.000128160591404,0,0.995333113297717,0.0254814
,,,,,,0.000524822675918,169820.7,0.689585174397303,1191.22972474533,8.43E-07,7.31E-08,1.05E-06,0.00146392893816,2.83E-05,0.002989615892814,6.15E-05,0.000123996860866,0,0.995330724414289,0.0248708
,,,,,,0.000531224992613,169820.7,0.689585174397303,1191.25989589974,8.48E-07,7.44E-08,1.06E-06,0.001466986918846,2.82E-05,0.002994375498733,6.01E-05,0.000119972063938,0,0.995328412019525,0.0242752
,,,,,,0.000537627309309,169820.7,0.689585174397303,1191.28919168749,8.53E-07,7.57E-08,1.07E-06,0.001469955979611,2.80E-05,0.002998986478369,5.88E-05,0.000116081504163,0,0.995326173624951,0.0236941
,,,,,,0.000544029626005,169820.7,0.689585174397303,1191.31763885031,8.58E-07,7.70E-08,1.08E-06,0.001472838812395,2.79E-05,0.003003453637515,5.75E-05,0.00011232064209,0,0.99532400682251,0.0231272
,,,,,,0.000550431942701,169820.7,0.689585174397303,1191.34526330517,8.63E-07,7.84E-08,1.08E-06,0.001475638027194,2.77E-05,0.003007781626263,5.62E-05,0.000108685090455,0,0.9953219092821,0.0225742
,,,,,,0.000556834259396,169820.7,0.689585174397303,1191.37209016817,8.67E-07,7.98E-08,1.09E-06,0.00147835615442,2.76E-05,0.003011974943754,5.50E-05,0.000105170609384,0,0.995319878749174,0.0220348
,,,,,,0.000563236576092,169820.7,0.689585174397303,1191.39814377711,8.72E-07,8.12E-08,1.10E-06,0.001480995647233,2.75E-05,0.003016037943145,5.38E-05,0.000101773101508,0,0.995317913042403,0.0215085
,,,,,,0.000569638892788,169820.7,0.689585174397303,1191.42344771494,8.77E-07,8.26E-08,1.11E-06,0.001483558883801,2.73E-05,0.003019974836236,5.26E-05,9.85E-05,0,0.995316010051399,0.0209951
,,,,,,0.000576041209483,169820.7,0.689585174397303,1191.448024833,8.81E-07,8.40E-08,1.12E-06,0.001486048169485,2.72E-05,0.003023789697637,5.14E-05,9.53E-05,0,0.995314167734509,0.0204943
,,,,,,0.000582443526179,169820.7,0.689585174397303,1191.47189727291,8.86E-07,8.55E-08,1.13E-06,0.001488465738977,2.70E-05,0.003027486468992,5.03E-05,9.22E-05,0,0.99531238411666,0.0200057
,,,,,,0.000588845842875,169820.7,0.689585174397303,1191.4950864874,8.90E-07,8.70E-08,1.14E-06,0.001490813758402,2.69E-05,0.003031068963285,4.92E-05,8.93E-05,0,0.995310657287259,0.019529
,,,,,,0.000595248159571,169820.7,0.689585174397303,1191.51761326081,8.94E-07,8.85E-08,1.15E-06,0.001493094327362,2.68E-05,0.003034540869008,4.81E-05,8.64E-05,0,0.995308985398163,0.019064
,,,,,,0.000601650476266,169820.7,0.689585174397303,1191.53949772977,8.99E-07,9.00E-08,1.15E-06,0.001495309480917,2.66E-05,0.003037905754066,4.70E-05,8.36E-05,0,0.995307366661694,0.0186103
,,,,,,0.000608052792962,169820.7,0.689585174397303,1191.56075940311,9.03E-07,9.16E-08,1.16E-06,0.001497461191512,2.65E-05,0.003041167069548,4.60E-05,8.09E-05,0,0.995305799348725,0.0181677
,,,,,,0.000614455109658,169820.7,0.689585174397303,1191.58141718086,9.07E-07,9.32E-08,1.17E-06,0.001499551370857,2.63E-05,0.00304432815346,4.50E-05,7.84E-05,0,0.995304281786807,0.0177359
,,,,,,0.000620857426353,169820.7,0.689585174397303,1191.60148937269,9.11E-07,9.48E-08,1.18E-06,0.001501581871766,2.62E-05,0.003047392234391,4.40E-05,7.58E-05,0,0.995302812358356,0.0173147
,,,,,,0.000627259743049,169820.7,0.689585174397303,1191.62099371608,9.15E-07,9.65E-08,1.19E-06,0.001503554489932,2.61E-05,0.00305036243504,4.30E-05,7.34E-05,0,0.995301389498893,0.0169037
,,,,,,0.000633662059745,169820.7,0.689585174397303,1191.63994739408,9.19E-07,9.81E-08,1.20E-06,0.001505470965662,2.59E-05,0.003053241775602,4.20E-05,7.11E-05,0,0.995300011695337,0.0165027
,,,,,,0.00064006437644,169820.7,0.689585174397303,1191.65836705249,9.23E-07,9.98E-08,1.21E-06,0.001507332985557,2.58E-05,0.003056033177069,4.11E-05,6.88E-05,0,0.995298677484342,0.0161115
,,,,,,0.000646466693136,169820.7,0.689585174397303,1191.67626881634,9.27E-07,1.02E-07,1.22E-06,0.001509142184154,2.57E-05,0.003058739464457,4.02E-05,6.66E-05,0,0.995297385450693,0.0157298
,,,,,,0.000652869009832,169820.7,0.689585174397303,1191.69366830606,9.31E-07,1.03E-07,1.22E-06,0.001510900145515,2.55E-05,0.003061363369933,3.93E-05,6.45E-05,0,0.995296134225746,0.0153574
,,,,,,0.000659271326528,169820.7,0.689585174397303,1191.71058065319,9.35E-07,1.05E-07,1.23E-06,0.001512608404775,2.54E-05,0.003063907535829,3.84E-05,6.24E-05,0,0.995294922485908,0.0149941
,,,,,,0.000665673643223,169820.7,0.689585174397303,1191.72702051575,9.39E-07,1.07E-07,1.24E-06,0.001514268449641,2.53E-05,0.003066374517564,3.76E-05,6.05E-05,0,0.995293748951178,0.0146396
,,,,,,0.000672075959919,169820.7,0.689585174397303,1191.74300209294,9.43E-07,1.09E-07,1.25E-06,0.001515881721855,2.51E-05,0.003068766786482,3.67E-05,5.85E-05,0,0.995292612383721,0.0142937
,,,,,,0.000678478276615,169820.7,0.689585174397303,1191.75853913946,9.46E-07,1.11E-07,1.26E-06,0.001517449618608,2.50E-05,0.003071086732618,3.59E-05,5.67E-05,0,0.995291511586489,0.0139562
,,,,,,0.00068488059331,169820.7,0.689585174397303,1191.77364497951,9.50E-07,1.12E-07,1.27E-06,0.001518973493918,2.49E-05,0.003073336667364,3.51E-05,5.49E-05,0,0.995290445401888,0.0136269
,,,,,,0.000691282910006,169820.7,0.689585174397303,1191.78833252032,9.54E-07,1.14E-07,1.28E-06,0.001520454659966,2.48E-05,0.003075518826042,3.44E-05,5.32E-05,0,0.995289412710478,0.0133055
,,,,,,0.000697685226702,169820.7,0.689585174397303,1191.80261426527,9.58E-07,1.16E-07,1.28E-06,0.001521894388389,2.46E-05,0.003077635370407,3.36E-05,5.15E-05,0,0.995288412429728,0.012992
,,,,,,0.000704087543397,169820.7,0.689585174397303,1191.81650232662,9.61E-07,1.18E-07,1.29E-06,0.001523293911542,2.45E-05,0.003079688391079,3.28E-05,4.99E-05,0,0.995287443512795,0.012686
,,,,,,0.000710489860093,169820.7,0.689585174397303,1191.83000843781,9.65E-07,1.20E-07,1.30E-06,0.001524654423716,2.44E-05,0.003081679909892,3.21E-05,4.83E-05,0,0.99528650494735,0.0123875
,,,,,,0.000716892176789,169820.7,0.689585174397303,1191.84314396549,9.68E-07,1.22E-07,1.31E-06,0.001525977082326,2.42E-05,0.003083611882161,3.14E-05,4.68E-05,0,0.99528559575444,0.0120962
,,,,,,0.000723294493485,169820.7,0.689585174397303,1191.85591992111,9.72E-07,1.24E-07,1.32E-06,0.001527263009056,2.41E-05,0.003085486198882,3.07E-05,4.53E-05,0,0.995284714987384,0.0118119
,,,,,,0.00072969681018,169820.7,0.689585174397303,1191.86834697217,9.75E-07,1.26E-07,1.33E-06,0.001528513290975,2.40E-05,0.003087304688863,3.00E-05,4.39E-05,0,0.995283861730708,0.0115345
,,,,,,0.000736099126876,169820.7,0.689585174397303,1191.88043545313,9.79E-07,1.29E-07,1.33E-06,0.00152972898162,2.39E-05,0.003089069120791,2.94E-05,4.25E-05,0,0.995283035099109,0.0112637
,,,,,,0.000742501443572,169820.7,0.689585174397303,1191.89219537594,9.82E-07,1.31E-07,1.34E-06,0.00153091110204,2.37E-05,0.003090781205225,2.87E-05,4.12E-05,0,0.995282234236458,0.0109995
,,,,,,0.000748903760267,169820.7,0.689585174397303,1191.90363644038,9.85E-07,1.33E-07,1.35E-06,0.001532060641816,2.36E-05,0.003092442596525,2.81E-05,3.99E-05,0,0.99528145831483,0.0107417
,,,,,,0.000755306076963,169820.7,0.689585174397303,1191.91476804392,9.89E-07,1.35E-07,1.36E-06,0.001533178560043,2.35E-05,0.003094054894716,2.75E-05,3.86E-05,0,0.995280706533568,0.0104901
,,,,,,0.000761708393659,169820.7,0.689585174397303,1191.92559929136,9.92E-07,1.37E-07,1.37E-06,0.001534265786288,2.34E-05,0.003095619647308,2.68E-05,3.74E-05,0,0.99527997811838,0.0102445
,,,,,,0.000768110710354,169820.7,0.689585174397303,1191.9361390041,9.95E-07,1.40E-07,1.38E-06,0.001535323221513,2.32E-05,0.003097138351037,2.62E-05,3.63E-05,0,0.99527927232046,0.0100049
,,,,,,0.00077451302705,169820.7,0.689585174397303,1191.94639572926,9.98E-07,1.42E-07,1.38E-06,0.001536351738976,2.31E-05,0.003098612453556,2.57E-05,3.51E-05,0,0.99527858841564,0.00977095
,,,,,,0.000780915343746,169820.7,0.689585174397303,1191.95637774839,1.00E-06,1.44E-07,1.39E-06,0.001537352185096,2.30E-05,0.003100043355071,2.51E-05,3.40E-05,0,0.99527792570357,0.00954266
,,,,,,0.000787317660442,169820.7,0.689585174397303,1191.9660930859,1.00E-06,1.46E-07,1.40E-06,0.001538325380299,2.29E-05,0.003101432409926,2.45E-05,3.30E-05,0,0.995277283506926,0.00931985
,,,,,,0.000793719977137,169820.7,0.689585174397303,1191.97554951731,1.01E-06,1.49E-07,1.41E-06,0.001539272119833,2.28E-05,0.003102780928135,2.40E-05,3.20E-05,0,0.995276661170644,0.00910238
,,,,,,0.000800122293833,169820.7,0.689585174397303,1191.98475457716,1.01E-06,1.51E-07,1.42E-06,0.00154019317456,2.26E-05,0.003104090176859,2.35E-05,3.10E-05,0,0.995276058061174,0.00889012
,,,,,,0.000806524610529,169820.7,0.689585174397303,1191.99371556675,1.01E-06,1.54E-07,1.42E-06,0.001541089291722,2.25E-05,0.003105361381835,2.29E-05,3.00E-05,0,0.995275473565766,0.00868294
,,,,,,0.000812926927224,169820.7,0.689585174397303,1192.00243956158,1.02E-06,1.56E-07,1.43E-06,0.001541961195684,2.24E-05,0.003106595728759,2.24E-05,2.91E-05,0,0.995274907091776,0.00848072
,,,,,,0.00081932924392,169820.7,0.689585174397303,1192.01093341851,1.02E-06,1.59E-07,1.44E-06,0.001542809588653,2.23E-05,0.003107794364632,2.19E-05,2.82E-05,0,0.995274358065994,0.00828333
,,,,,,0.000825731560616,169820.7,0.689585174397303,1192.01920378278,1.02E-06,1.61E-07,1.45E-06,0.001543635151375,2.22E-05,0.003108958399047,2.14E-05,2.73E-05,0,0.995273825933997,0.00809065
,,,,,,0.000832133877312,169820.7,0.689585174397303,1192.02725709481,1.03E-06,1.64E-07,1.46E-06,0.001544438543809,2.21E-05,0.003110088905437,2.10E-05,2.65E-05,0,0.995273310159523,0.00790257
,,,,,,0.000838536194007,169820.7,0.689585174397303,1192.03509959669,1.03E-06,1.66E-07,1.46E-06,0.001545220405784,2.20E-05,0.003111186922286,2.05E-05,2.57E-05,0,0.995272810223859,0.00771897
,,,,,,0.000844938510703,169820.7,0.689585174397303,1192.04273733853,1.03E-06,1.69E-07,1.47E-06,0.001545981357627,2.18E-05,0.003112253454295,2.01E-05,2.49E-05,0,0.995272325625266,0.00753974
,,,,,,0.000851340827399,169820.7,0.689585174397303,1192.0501761846,1.04E-06,1.71E-07,1.48E-06,0.001546722000781,2.17E-05,0.003113289473519,1.96E-05,2.41E-05,0,0.995271855878401,0.00736478
,,,,,,0.000857743144094,169820.7,0.689585174397303,1192.05742181925,1.04E-06,1.74E-07,1.49E-06,0.001547442918397,2.16E-05,0.00311429592045,1.92E-05,2.34E-05,0,0.995271400513778,0.00719398
,,,,,,0.00086414546079,169820.7,0.689585174397303,1192.0644797527,1.04E-06,1.77E-07,1.50E-06,0.001548144675908,2.15E-05,0.00311527370507,1.87E-05,2.27E-05,0,0.995270959077236,0.00702724
,,,,,,0.000870547777486,169820.7,0.689585174397303,1192.07135532656,1.04E-06,1.79E-07,1.50E-06,0.001548827821588,2.14E-05,0.003116223707875,1.83E-05,2.20E-05,0,0.995270531129427,0.00686446
,,,,,,0.000876950094181,169820.7,0.689585174397303,1192.07805371921,1.05E-06,1.82E-07,1.51E-06,0.001549492887088,2.13E-05,0.003117146780861,1.79E-05,2.13E-05,0,0.995270116245324,0.00670554
,,,,,,0.000883352410877,169820.7,0.689585174397303,1192.08457995102,1.05E-06,1.85E-07,1.52E-06,0.001550140387964,2.12E-05,0.003118043748474,1.75E-05,2.06E-05,0,0.99526971401374,0.00655039
,,,,,,0.000889754727573,169820.7,0.689585174397303,1192.0909388894,1.05E-06,1.88E-07,1.53E-06,0.001550770824177,2.11E-05,0.00311891540853,1.71E-05,2.00E-05,0,0.99526932403687,0.00639891
,,,,,,0.000896157044269,169820.7,0.689585174397303,1192.09713525369,1.05E-06,1.90E-07,1.53E-06,0.001551384680584,2.10E-05,0.003119762533099,1.68E-05,1.94E-05,0,0.995268945929845,0.00625102
,,,,,,0.000902559360964,169820.7,0.689585174397303,1192.10317361986,1.06E-06,1.93E-07,1.54E-06,0.001551982427414,2.09E-05,0.003120585869369,1.64E-05,1.88E-05,0,0.995268579320296,0.00610663
,,,,,,0.00090896167766,169820.7,0.689585174397303,1192.10905842503,1.06E-06,1.96E-07,1.55E-06,0.001552564520726,2.07E-05,0.003121386140479,1.60E-05,1.82E-05,0,0.995268223847944,0.00596564
,,,,,,0.000915363994356,169820.7,0.689585174397303,1192.11479397197,1.06E-06,1.99E-07,1.56E-06,0.00155313140285,2.06E-05,0.003122164046318,1.57E-05,1.77E-05,0,0.995267879164192,0.00582799
,,,,,,0.000921766311051,169820.7,0.689585174397303,1192.12038443338,1.07E-06,2.02E-07,1.56E-06,0.001553683502823,2.05E-05,0.003122920264292,1.53E-05,1.72E-05,0,0.99526754493174,0.00569358
,,,,,,0.000928168627747,169820.7,0.689585174397303,1192.12583385597,1.07E-06,2.05E-07,1.57E-06,0.001554221236803,2.04E-05,0.003123655450079,1.50E-05,1.66E-05,0,0.995267220824207,0.00556234
,,,,,,0.000934570944443,169820.7,0.689585174397303,1192.13114616449,1.07E-06,2.08E-07,1.58E-06,0.001554745008469,2.03E-05,0.003124370238359,1.47E-05,1.61E-05,0,0.995266906525768,0.0054342
,,,,,,0.000940973261138,169820.7,0.689585174397303,1192.13632516558,1.07E-06,2.11E-07,1.59E-06,0.001555255209417,2.02E-05,0.003125065243506,1.43E-05,1.57E-05,0,0.995266601730806,0.00530906
,,,,,,0.000947375577834,169820.7,0.689585174397303,1192.14137455157,1.08E-06,2.14E-07,1.59E-06,0.001555752219534,2.01E-05,0.00312574106026,1.40E-05,1.52E-05,0,0.995266306143567,0.00518688
,,,,,,0.00095377789453,169820.7,0.689585174397303,1192.14629790411,1.08E-06,2.17E-07,1.60E-06,0.001556236407365,2.00E-05,0.003126398264381,1.37E-05,1.47E-05,0,0.995266019477837,0.00506756
,,,,,,0.000960180211226,169820.7,0.689585174397303,1192.15109869764,1.08E-06,2.20E-07,1.61E-06,0.001556708130467,1.99E-05,0.003127037413282,1.34E-05,1.43E-05,0,0.995265741456626,0.00495104
,,,,,,0.000966582527921,169820.7,0.689585174397303,1192.15578030276,1.08E-06,2.23E-07,1.62E-06,0.001557167735754,1.98E-05,0.003127659046639,1.31E-05,1.39E-05,0,0.995265471811857,0.00483726
,,,,,,0.000972984844617,169820.7,0.689585174397303,1192.16034598959,1.09E-06,2.26E-07,1.62E-06,0.001557615559824,1.97E-05,0.003128263686978,1.28E-05,1.34E-05,0,0.995265210284076,0.00472615
,,,,,,0.000979387161313,169820.7,0.689585174397303,1192.16479893089,1.09E-06,2.29E-07,1.63E-06,0.001558051929287,1.96E-05,0.003128851840241,1.25E-05,1.30E-05,0,0.995264956622163,0.00461764
,,,,,,0.000985789478008,169820.7,0.689585174397303,1192.16914220518,1.09E-06,2.32E-07,1.64E-06,0.00155847716107,1.95E-05,0.003129423996335,1.22E-05,1.26E-05,0,0.995264710583058,0.00451167
,,,,,,0.000992191794704,169820.7,0.689585174397303,1192.17337879969,1.09E-06,2.36E-07,1.64E-06,0.001558891562722,1.94E-05,0.003129980629664,1.20E-05,1.23E-05,0,0.995264471931495,0.00440818
,,,,,,0.0009985941114,169820.7,0.689585174397303,1192.17751161325,1.10E-06,2.39E-07,1.65E-06,0.001559295432705,1.93E-05,0.003130522199644,1.17E-05,1.19E-05,0,0.995264240439738,0.00430711
,,,,,,0.001004996428095,169820.7,0.689585174397303,1192.18154345905,1.10E-06,2.42E-07,1.66E-06,0.001559689060675,1.93E-05,0.003131049151193,1.15E-05,1.15E-05,0,0.995264015887341,0.0042084
